"uniqueID";"response";"item";"choice_self";"choice_other";"svo_trial"
1;"o1";"15";270;300;0
1;"o5";"13";225;225;1
1;"o1";"1";256;256;2
1;"o1";"14";300;270;3
1;"o9";"12";300;270;4
1;"o9";"6";256;256;5
1;"o9";"8";300;270;6
1;"o5";"11";255;255;7
1;"o4";"4";190;204;8
1;"o6";"7";244;244;9
1;"o9";"3";256;256;10
1;"o7";"10";278;278;11
1;"o4";"9";244;244;12
1;"o9";"2";300;150;13
1;"o5";"5";225;225;14
2;"o3";"11";233;278;0
2;"o9";"10";270;300;1
2;"o9";"6";256;256;2
2;"o1";"14";300;270;3
2;"o1";"15";270;300;4
2;"o9";"7";210;300;5
2;"o1";"9";300;210;6
2;"o1";"4";150;300;7
2;"o9";"2";300;150;8
2;"o9";"12";300;270;9
2;"o5";"5";225;225;10
2;"o1";"1";256;256;11
2;"o5";"8";285;285;12
2;"o5";"13";225;225;13
2;"o9";"3";256;256;14
3;"o9";"8";300;270;0
3;"o1";"5";300;150;1
3;"o1";"14";300;270;2
3;"o1";"1";256;256;3
3;"o9";"3";256;256;4
3;"o9";"13";300;150;5
3;"o9";"15";300;150;6
3;"o1";"7";300;150;7
3;"o1";"9";300;210;8
3;"o9";"12";300;270;9
3;"o1";"6";300;150;10
3;"o1";"10";300;210;11
3;"o9";"11";300;210;12
3;"o9";"2";300;150;13
3;"o9";"4";256;44;14
4;"o9";"2";300;150;0
4;"o5";"5";225;225;1
4;"o9";"8";300;270;2
4;"o9";"12";300;270;3
4;"o1";"1";256;256;4
4;"o2";"7";289;169;5
4;"o6";"10";281;266;6
4;"o6";"4";216;140;7
4;"o6";"13";244;206;8
4;"o1";"15";270;300;9
4;"o9";"11";300;210;10
4;"o9";"6";256;256;11
4;"o9";"3";256;256;12
4;"o2";"9";281;221;13
4;"o1";"14";300;270;14
5;"o9";"1";256;44;0
5;"o1";"14";300;270;1
5;"o9";"4";256;44;2
5;"o9";"12";300;270;3
5;"o9";"13";300;150;4
5;"o1";"10";300;210;5
5;"o9";"11";300;210;6
5;"o9";"15";300;150;7
5;"o1";"5";300;150;8
5;"o1";"7";300;150;9
5;"o9";"8";300;270;10
5;"o9";"3";256;256;11
5;"o1";"2";256;44;12
5;"o1";"6";300;150;13
5;"o1";"9";300;210;14
6;"o1";"1";256;256;0
6;"o1";"5";300;150;1
6;"o9";"13";300;150;2
6;"o1";"14";300;270;3
6;"o9";"12";300;270;4
6;"o9";"15";300;150;5
6;"o9";"2";300;150;6
6;"o9";"11";300;210;7
6;"o1";"7";300;150;8
6;"o1";"6";300;150;9
6;"o1";"9";300;210;10
6;"o9";"3";256;256;11
6;"o9";"8";300;270;12
6;"o9";"4";256;44;13
6;"o1";"10";300;210;14
7;"o6";"13";244;206;0
7;"o6";"15";289;206;1
7;"o1";"1";256;256;2
7;"o9";"3";256;256;3
7;"o3";"14";278;278;4
7;"o5";"7";255;225;5
7;"o4";"5";244;206;6
7;"o3";"9";262;233;7
7;"o9";"2";300;150;8
7;"o5";"4";203;172;9
7;"o6";"8";289;281;10
7;"o6";"11";266;244;11
7;"o4";"10";289;244;12
7;"o6";"6";273;216;13
7;"o8";"12";281;274;14
8;"o1";"5";300;150;0
8;"o9";"4";256;44;1
8;"o1";"6";300;150;2
8;"o9";"15";300;150;3
8;"o1";"1";256;256;4
8;"o1";"10";300;210;5
8;"o9";"3";256;256;6
8;"o9";"8";300;270;7
8;"o1";"9";300;210;8
8;"o9";"2";300;150;9
8;"o9";"13";300;150;10
8;"o9";"12";300;270;11
8;"o9";"11";300;210;12
8;"o1";"14";300;270;13
8;"o1";"7";300;150;14
9;"o9";"12";300;270;0
9;"o7";"10";278;278;1
9;"o9";"3";256;256;2
9;"o1";"9";300;210;3
9;"o3";"5";262;188;4
9;"o5";"7";255;225;5
9;"o3";"15";278;262;6
9;"o9";"6";256;256;7
9;"o5";"4";203;172;8
9;"o9";"2";300;150;9
9;"o6";"11";266;244;10
9;"o6";"13";244;206;11
9;"o1";"1";256;256;12
9;"o1";"14";300;270;13
9;"o9";"8";300;270;14
10;"o8";"4";243;76;0
10;"o9";"8";300;270;1
10;"o6";"15";289;206;2
10;"o1";"1";256;256;3
10;"o9";"3";256;256;4
10;"o9";"12";300;270;5
10;"o7";"10";278;278;6
10;"o8";"13";281;169;7
10;"o6";"7";244;244;8
10;"o9";"2";300;150;9
10;"o8";"11";289;221;10
10;"o2";"9";281;221;11
10;"o5";"5";225;225;12
10;"o1";"14";300;270;13
10;"o1";"6";300;150;14
11;"o1";"10";300;210;0
11;"o9";"4";256;44;1
11;"o9";"8";300;270;2
11;"o1";"7";300;150;3
11;"o9";"11";300;210;4
11;"o1";"9";300;210;5
11;"o1";"5";300;150;6
11;"o1";"6";300;150;7
11;"o1";"14";300;270;8
11;"o9";"15";300;150;9
11;"o9";"13";300;150;10
11;"o9";"3";256;256;11
11;"o9";"2";300;150;12
11;"o9";"12";300;270;13
11;"o1";"1";256;256;14
12;"o6";"13";244;206;0
12;"o4";"5";244;206;1
12;"o3";"15";278;262;2
12;"o1";"1";256;256;3
12;"o6";"7";244;244;4
12;"o5";"10";285;255;5
12;"o8";"12";281;274;6
12;"o8";"3";243;262;7
12;"o8";"2";295;137;8
12;"o6";"11";266;244;9
12;"o7";"8";292;278;10
12;"o7";"4";230;108;11
12;"o2";"14";289;274;12
12;"o6";"6";273;216;13
12;"o1";"9";300;210;14
13;"o5";"3";203;278;0
13;"o5";"10";285;255;1
13;"o6";"13";244;206;2
13;"o7";"14";233;292;3
13;"o7";"12";262;278;4
13;"o9";"11";300;210;5
13;"o9";"6";256;256;6
13;"o1";"9";300;210;7
13;"o2";"1";256;230;8
13;"o4";"4";190;204;9
13;"o6";"8";289;281;10
13;"o7";"15";292;188;11
13;"o8";"2";295;137;12
13;"o9";"7";210;300;13
13;"o1";"5";300;150;14
14;"o9";"11";300;210;0
14;"o2";"10";296;221;1
14;"o1";"1";256;256;2
14;"o1";"14";300;270;3
14;"o7";"4";230;108;4
14;"o9";"12";300;270;5
14;"o9";"8";300;270;6
14;"o2";"7";289;169;7
14;"o8";"15";296;169;8
14;"o1";"9";300;210;9
14;"o7";"13";262;188;10
14;"o8";"2";295;137;11
14;"o8";"6";262;243;12
14;"o1";"5";300;150;13
14;"o9";"3";256;256;14
15;"o5";"13";225;225;0
15;"o1";"9";300;210;1
15;"o9";"12";300;270;2
15;"o9";"15";300;150;3
15;"o7";"4";230;108;4
15;"o9";"11";300;210;5
15;"o9";"6";256;256;6
15;"o1";"1";256;256;7
15;"o5";"7";255;225;8
15;"o5";"8";285;285;9
15;"o9";"3";256;256;10
15;"o9";"2";300;150;11
15;"o1";"14";300;270;12
15;"o1";"5";300;150;13
15;"o1";"10";300;210;14
16;"o9";"12";300;270;0
16;"o1";"14";300;270;1
16;"o5";"13";225;225;2
16;"o5";"4";203;172;3
16;"o4";"9";244;244;4
16;"o5";"10";285;255;5
16;"o8";"8";296;274;6
16;"o1";"1";256;256;7
16;"o9";"3";256;256;8
16;"o3";"15";278;262;9
16;"o1";"5";300;150;10
16;"o5";"7";255;225;11
16;"o9";"2";300;150;12
16;"o9";"11";300;210;13
16;"o9";"6";256;256;14
17;"o9";"3";256;256;0
17;"o1";"5";300;150;1
17;"o9";"2";300;150;2
17;"o1";"10";300;210;3
17;"o9";"11";300;210;4
17;"o9";"13";300;150;5
17;"o9";"8";300;270;6
17;"o1";"7";300;150;7
17;"o5";"4";203;172;8
17;"o1";"6";300;150;9
17;"o1";"1";256;256;10
17;"o1";"14";300;270;11
17;"o1";"9";300;210;12
17;"o9";"15";300;150;13
17;"o9";"12";300;270;14
19;"o1";"8";270;300;0
19;"o1";"4";150;300;1
19;"o1";"14";300;270;2
19;"o1";"5";300;150;3
19;"o1";"7";300;150;4
19;"o1";"9";300;210;5
19;"o1";"12";150;300;6
19;"o1";"11";210;300;7
19;"o1";"2";256;44;8
19;"o1";"10";300;210;9
19;"o1";"1";256;256;10
19;"o1";"6";300;150;11
19;"o1";"13";150;300;12
19;"o1";"3";150;300;13
19;"o1";"15";270;300;14
20;"o9";"12";300;270;0
20;"o1";"15";270;300;1
20;"o5";"13";225;225;2
20;"o1";"1";256;256;3
20;"o5";"11";255;255;4
20;"o5";"5";225;225;5
20;"o1";"14";300;270;6
20;"o9";"6";256;256;7
20;"o9";"2";300;150;8
20;"o4";"9";244;244;9
20;"o6";"7";244;244;10
20;"o9";"3";256;256;11
20;"o5";"4";203;172;12
20;"o5";"8";285;285;13
20;"o7";"10";278;278;14
21;"o4";"9";244;244;0
21;"o1";"1";256;256;1
21;"o6";"7";244;244;2
21;"o4";"4";190;204;3
21;"o9";"2";300;150;4
21;"o3";"14";278;278;5
21;"o3";"15";278;262;6
21;"o7";"12";262;278;7
21;"o9";"6";256;256;8
21;"o9";"3";256;256;9
21;"o5";"11";255;255;10
21;"o7";"10";278;278;11
21;"o5";"5";225;225;12
21;"o5";"8";285;285;13
21;"o5";"13";225;225;14
22;"o9";"15";300;150;0
22;"o9";"8";300;270;1
22;"o9";"13";300;150;2
22;"o9";"3";256;256;3
22;"o9";"12";300;270;4
22;"o9";"4";256;44;5
22;"o1";"5";300;150;6
22;"o1";"7";300;150;7
22;"o1";"14";300;270;8
22;"o9";"2";300;150;9
22;"o1";"10";300;210;10
22;"o1";"6";300;150;11
22;"o9";"11";300;210;12
22;"o1";"9";300;210;13
22;"o1";"1";256;256;14
23;"o3";"14";278;278;0
23;"o5";"4";203;172;1
23;"o4";"9";244;244;2
23;"o5";"5";225;225;3
23;"o6";"7";244;244;4
23;"o9";"2";300;150;5
23;"o9";"12";300;270;6
23;"o1";"1";256;256;7
23;"o5";"8";285;285;8
23;"o5";"11";255;255;9
23;"o9";"3";256;256;10
23;"o5";"13";225;225;11
23;"o9";"6";256;256;12
23;"o1";"15";270;300;13
23;"o9";"10";270;300;14
24;"o9";"3";256;256;0
24;"o5";"8";285;285;1
24;"o4";"9";244;244;2
24;"o9";"6";256;256;3
24;"o7";"12";262;278;4
24;"o7";"10";278;278;5
24;"o1";"4";150;300;6
24;"o6";"7";244;244;7
24;"o5";"11";255;255;8
24;"o3";"14";278;278;9
24;"o5";"13";225;225;10
24;"o5";"15";285;225;11
24;"o1";"1";256;256;12
24;"o5";"5";225;225;13
24;"o9";"2";300;150;14
25;"o1";"9";300;210;0
25;"o5";"13";225;225;1
25;"o1";"15";270;300;2
25;"o9";"3";256;256;3
25;"o5";"8";285;285;4
25;"o9";"12";300;270;5
25;"o4";"4";190;204;6
25;"o1";"14";300;270;7
25;"o1";"1";256;256;8
25;"o9";"2";300;150;9
25;"o5";"11";255;255;10
25;"o9";"6";256;256;11
25;"o5";"5";225;225;12
25;"o9";"10";270;300;13
25;"o6";"7";244;244;14
26;"o1";"5";300;150;0
26;"o9";"2";300;150;1
26;"o6";"13";244;206;2
26;"o9";"15";300;150;3
26;"o1";"9";300;210;4
26;"o1";"1";256;256;5
26;"o1";"10";300;210;6
26;"o9";"12";300;270;7
26;"o9";"3";256;256;8
26;"o9";"8";300;270;9
26;"o6";"11";266;244;10
26;"o6";"4";216;140;11
26;"o1";"6";300;150;12
26;"o3";"7";278;188;13
26;"o1";"14";300;270;14
27;"o9";"15";300;150;0
27;"o9";"12";300;270;1
27;"o1";"6";300;150;2
27;"o1";"5";300;150;3
27;"o9";"3";256;256;4
27;"o1";"1";256;256;5
27;"o9";"4";256;44;6
27;"o9";"13";300;150;7
27;"o1";"7";300;150;8
27;"o1";"14";300;270;9
27;"o9";"11";300;210;10
27;"o1";"10";300;210;11
27;"o9";"2";300;150;12
27;"o1";"9";300;210;13
27;"o9";"8";300;270;14
28;"o5";"13";225;225;0
28;"o1";"1";256;256;1
28;"o1";"4";150;300;2
28;"o9";"7";210;300;3
28;"o9";"12";300;270;4
28;"o5";"8";285;285;5
28;"o5";"11";255;255;6
28;"o9";"6";256;256;7
28;"o1";"14";300;270;8
28;"o7";"10";278;278;9
28;"o9";"3";256;256;10
28;"o1";"15";270;300;11
28;"o1";"9";300;210;12
28;"o5";"5";225;225;13
28;"o9";"2";300;150;14
29;"o1";"9";300;210;0
29;"o1";"6";300;150;1
29;"o9";"3";256;256;2
29;"o9";"12";300;270;3
29;"o1";"14";300;270;4
29;"o1";"1";256;256;5
29;"o9";"11";300;210;6
29;"o9";"4";256;44;7
29;"o9";"15";300;150;8
29;"o1";"7";300;150;9
29;"o1";"10";300;210;10
29;"o1";"5";300;150;11
29;"o9";"13";300;150;12
29;"o9";"2";300;150;13
29;"o9";"8";300;270;14
30;"o1";"10";300;210;0
30;"o9";"11";300;210;1
30;"o9";"8";300;270;2
30;"o9";"15";300;150;3
30;"o9";"4";256;44;4
30;"o1";"5";300;150;5
30;"o1";"14";300;270;6
30;"o1";"9";300;210;7
30;"o1";"1";256;256;8
30;"o9";"2";300;150;9
30;"o9";"12";300;270;10
31;"o9";"12";300;270;0
31;"o9";"13";300;150;1
31;"o9";"8";300;270;2
31;"o9";"11";300;210;3
31;"o5";"5";225;225;4
31;"o1";"6";300;150;5
31;"o1";"7";300;150;6
31;"o9";"15";300;150;7
31;"o9";"2";300;150;8
31;"o9";"3";256;256;9
31;"o1";"14";300;270;10
31;"o1";"10";300;210;11
31;"o9";"4";256;44;12
31;"o1";"1";256;256;13
31;"o1";"9";300;210;14
32;"o1";"5";300;150;0
32;"o9";"4";256;44;1
32;"o9";"11";300;210;2
32;"o9";"2";300;150;3
32;"o9";"13";300;150;4
32;"o9";"3";256;256;5
32;"o1";"10";300;210;6
32;"o9";"12";300;270;7
32;"o1";"1";256;256;8
32;"o9";"8";300;270;9
32;"o9";"15";300;150;10
32;"o1";"14";300;270;11
32;"o1";"6";300;150;12
32;"o1";"9";300;210;13
32;"o1";"7";300;150;14
33;"o1";"10";300;210;0
33;"o9";"11";300;210;1
33;"o9";"8";300;270;2
33;"o9";"15";300;150;3
33;"o9";"4";256;44;4
33;"o1";"5";300;150;5
33;"o1";"14";300;270;6
33;"o1";"9";300;210;7
33;"o1";"1";256;256;8
33;"o9";"2";300;150;9
33;"o9";"12";300;270;10
33;"o9";"3";256;256;11
33;"o1";"6";300;150;12
33;"o1";"7";300;150;13
33;"o9";"13";300;150;14
34;"o1";"1";256;256;0
34;"o4";"9";244;244;1
34;"o9";"3";256;256;2
34;"o7";"13";262;188;3
34;"o9";"11";300;210;4
34;"o8";"2";295;137;5
34;"o9";"6";256;256;6
34;"o5";"4";203;172;7
34;"o9";"12";300;270;8
34;"o3";"15";278;262;9
34;"o7";"10";278;278;10
34;"o5";"8";285;285;11
34;"o5";"5";225;225;12
34;"o1";"14";300;270;13
34;"o6";"7";244;244;14
35;"o9";"12";300;270;0
35;"o9";"8";300;270;1
35;"o9";"13";300;150;2
35;"o9";"15";300;150;3
35;"o1";"7";300;150;4
35;"o1";"9";300;210;5
35;"o1";"1";256;256;6
35;"o9";"11";300;210;7
35;"o9";"2";300;150;8
35;"o1";"10";300;210;9
35;"o1";"14";300;270;10
35;"o9";"3";256;256;11
35;"o1";"6";300;150;12
35;"o1";"5";300;150;13
35;"o9";"4";256;44;14
36;"o5";"8";285;285;0
36;"o3";"5";262;188;1
36;"o9";"6";256;256;2
36;"o6";"13";244;206;3
36;"o7";"10";278;278;4
36;"o3";"14";278;278;5
36;"o1";"1";256;256;6
36;"o9";"4";256;44;7
36;"o5";"11";255;255;8
36;"o3";"15";278;262;9
36;"o9";"2";300;150;10
36;"o9";"3";256;256;11
36;"o6";"7";244;244;12
36;"o4";"9";244;244;13
36;"o8";"12";281;274;14
37;"o9";"2";300;150;0
37;"o5";"1";256;150;1
37;"o1";"7";300;150;2
37;"o1";"5";300;150;3
37;"o9";"15";300;150;4
37;"o9";"12";300;270;5
37;"o9";"13";300;150;6
37;"o9";"11";300;210;7
37;"o9";"4";256;44;8
37;"o9";"8";300;270;9
37;"o1";"6";300;150;10
37;"o1";"9";300;210;11
37;"o1";"10";300;210;12
37;"o1";"14";300;270;13
37;"o9";"3";256;256;14
38;"o3";"9";262;233;0
38;"o5";"4";203;172;1
38;"o5";"6";278;203;2
38;"o3";"15";278;262;3
38;"o5";"7";255;225;4
38;"o3";"14";278;278;5
38;"o4";"10";289;244;6
38;"o4";"5";244;206;7
38;"o5";"11";255;255;8
38;"o5";"13";225;225;9
38;"o9";"2";300;150;10
38;"o9";"3";256;256;11
38;"o1";"1";256;256;12
38;"o8";"12";281;274;13
38;"o7";"8";292;278;14
39;"o6";"7";244;244;0
39;"o5";"8";285;285;1
39;"o9";"3";256;256;2
39;"o2";"15";274;281;3
39;"o5";"4";203;172;4
39;"o1";"1";256;256;5
39;"o4";"9";244;244;6
39;"o5";"13";225;225;7
39;"o9";"2";300;150;8
39;"o5";"11";255;255;9
39;"o9";"6";256;256;10
39;"o8";"12";281;274;11
39;"o5";"5";225;225;12
39;"o7";"10";278;278;13
39;"o3";"14";278;278;14
40;"o1";"14";300;270;0
40;"o9";"2";300;150;1
40;"o1";"10";300;210;2
40;"o9";"3";256;256;3
40;"o9";"13";300;150;4
40;"o9";"11";300;210;5
40;"o9";"15";300;150;6
40;"o1";"6";300;150;7
40;"o9";"8";300;270;8
40;"o1";"9";300;210;9
40;"o9";"4";256;44;10
40;"o1";"7";300;150;11
40;"o1";"1";256;256;12
40;"o1";"5";300;150;13
40;"o9";"12";300;270;14
41;"o1";"1";256;256;0
41;"o4";"7";266;206;1
41;"o8";"4";243;76;2
41;"o4";"10";289;244;3
41;"o9";"2";300;150;4
41;"o9";"8";300;270;5
41;"o4";"5";244;206;6
41;"o9";"3";256;256;7
41;"o9";"12";300;270;8
41;"o6";"15";289;206;9
41;"o6";"13";244;206;10
41;"o5";"6";278;203;11
41;"o6";"11";266;244;12
41;"o1";"14";300;270;13
41;"o3";"9";262;233;14
42;"o9";"8";300;270;0
42;"o9";"14";210;300;1
42;"o9";"2";300;150;2
42;"o1";"10";300;210;3
42;"o1";"6";300;150;4
42;"o7";"1";256;97;5
42;"o9";"3";256;256;6
42;"o9";"4";256;44;7
42;"o9";"12";300;270;8
42;"o1";"7";300;150;9
42;"o9";"15";300;150;10
42;"o1";"9";300;210;11
42;"o1";"5";300;150;12
42;"o9";"13";300;150;13
42;"o9";"11";300;210;14
43;"o5";"8";285;285;0
43;"o5";"4";203;172;1
43;"o1";"15";270;300;2
43;"o5";"5";225;225;3
43;"o1";"1";256;256;4
43;"o1";"14";300;270;5
43;"o9";"7";210;300;6
43;"o9";"2";300;150;7
43;"o5";"13";225;225;8
43;"o9";"12";300;270;9
43;"o9";"6";256;256;10
43;"o5";"11";255;255;11
43;"o9";"10";270;300;12
43;"o9";"3";256;256;13
43;"o1";"9";300;210;14
44;"o1";"14";300;270;0
44;"o9";"2";300;150;1
44;"o9";"12";300;270;2
44;"o1";"10";300;210;3
44;"o1";"9";300;210;4
44;"o9";"15";300;150;5
44;"o1";"5";300;150;6
44;"o1";"1";256;256;7
44;"o9";"8";300;270;8
44;"o1";"6";300;150;9
44;"o9";"13";300;150;10
44;"o9";"11";300;210;11
44;"o9";"3";256;256;12
44;"o1";"7";300;150;13
44;"o9";"4";256;44;14
45;"o9";"12";300;270;0
45;"o5";"8";285;285;1
45;"o1";"9";300;210;2
45;"o9";"7";210;300;3
45;"o5";"11";255;255;4
45;"o5";"5";225;225;5
45;"o1";"4";150;300;6
45;"o5";"13";225;225;7
45;"o9";"10";270;300;8
45;"o9";"2";300;150;9
45;"o1";"14";300;270;10
45;"o9";"3";256;256;11
45;"o1";"15";270;300;12
45;"o1";"1";256;256;13
45;"o9";"6";256;256;14
46;"o1";"9";300;210;0
46;"o1";"1";256;256;1
46;"o1";"5";300;150;2
46;"o9";"8";300;270;3
46;"o9";"3";256;256;4
46;"o1";"7";300;150;5
46;"o9";"12";300;270;6
46;"o9";"2";300;150;7
46;"o9";"11";300;210;8
46;"o9";"13";300;150;9
46;"o1";"6";300;150;10
46;"o1";"10";300;210;11
46;"o9";"4";256;44;12
46;"o9";"15";300;150;13
46;"o1";"14";300;270;14
47;"o3";"14";278;278;0
47;"o9";"6";256;256;1
47;"o9";"2";300;150;2
47;"o1";"1";256;256;3
47;"o5";"11";255;255;4
47;"o6";"7";244;244;5
47;"o9";"13";300;150;6
47;"o5";"5";225;225;7
47;"o1";"4";150;300;8
47;"o9";"12";300;270;9
47;"o9";"8";300;270;10
47;"o3";"15";278;262;11
47;"o9";"10";270;300;12
47;"o9";"3";256;256;13
47;"o4";"9";244;244;14
48;"o1";"1";256;256;0
48;"o5";"5";225;225;1
48;"o9";"6";256;256;2
48;"o9";"7";210;300;3
48;"o1";"4";150;300;4
48;"o1";"9";300;210;5
48;"o9";"12";300;270;6
48;"o9";"2";300;150;7
48;"o1";"15";270;300;8
48;"o9";"8";300;270;9
48;"o7";"11";278;233;10
48;"o1";"14";300;270;11
48;"o9";"13";300;150;12
48;"o9";"3";256;256;13
48;"o9";"10";270;300;14
49;"o7";"4";230;108;0
49;"o9";"6";256;256;1
49;"o9";"3";256;256;2
49;"o1";"15";270;300;3
49;"o1";"1";256;256;4
49;"o1";"14";300;270;5
49;"o3";"7";278;188;6
49;"o7";"8";292;278;7
49;"o9";"13";300;150;8
49;"o2";"9";281;221;9
49;"o4";"10";289;244;10
49;"o9";"11";300;210;11
49;"o7";"12";262;278;12
49;"o3";"5";262;188;13
49;"o9";"2";300;150;14
50;"o1";"1";256;256;0
50;"o1";"7";300;150;1
50;"o1";"6";300;150;2
50;"o9";"13";300;150;3
50;"o9";"3";256;256;4
50;"o1";"9";300;210;5
50;"o9";"2";300;150;6
50;"o1";"10";300;210;7
50;"o9";"15";300;150;8
50;"o1";"5";300;150;9
50;"o9";"4";256;44;10
50;"o9";"8";300;270;11
50;"o1";"14";300;270;12
50;"o9";"12";300;270;13
50;"o9";"11";300;210;14
51;"o9";"3";256;256;0
51;"o9";"2";300;150;1
51;"o9";"8";300;270;2
51;"o5";"5";225;225;3
51;"o9";"12";300;270;4
51;"o9";"6";256;256;5
51;"o4";"4";190;204;6
51;"o1";"1";256;256;7
51;"o1";"15";270;300;8
51;"o1";"9";300;210;9
51;"o7";"7";233;262;10
51;"o7";"10";278;278;11
51;"o5";"11";255;255;12
51;"o5";"13";225;225;13
51;"o1";"14";300;270;14
52;"o9";"15";300;150;0
52;"o1";"7";300;150;1
52;"o9";"4";256;44;2
52;"o1";"6";300;150;3
52;"o1";"1";256;256;4
52;"o9";"13";300;150;5
52;"o9";"2";300;150;6
52;"o9";"8";300;270;7
52;"o9";"11";300;210;8
52;"o1";"10";300;210;9
52;"o9";"3";256;256;10
52;"o1";"5";300;150;11
52;"o9";"12";300;270;12
52;"o1";"14";300;270;13
52;"o1";"9";300;210;14
53;"o1";"1";256;256;0
53;"o9";"12";300;270;1
53;"o9";"11";300;210;2
53;"o9";"4";256;44;3
53;"o1";"10";300;210;4
53;"o1";"6";300;150;5
53;"o9";"2";300;150;6
53;"o9";"8";300;270;7
53;"o1";"7";300;150;8
53;"o9";"3";256;256;9
53;"o1";"5";300;150;10
53;"o1";"14";300;270;11
53;"o9";"13";300;150;12
53;"o9";"15";300;150;13
53;"o1";"9";300;210;14
54;"o9";"13";300;150;0
54;"o9";"2";300;150;1
54;"o9";"15";300;150;2
54;"o9";"11";300;210;3
54;"o1";"10";300;210;4
54;"o1";"9";300;210;5
54;"o1";"1";256;256;6
54;"o9";"3";256;256;7
54;"o1";"7";300;150;8
54;"o1";"6";300;150;9
54;"o1";"5";300;150;10
54;"o9";"12";300;270;11
54;"o9";"4";256;44;12
54;"o1";"14";300;270;13
54;"o9";"8";300;270;14
55;"o9";"7";210;300;0
55;"o9";"3";256;256;1
55;"o1";"14";300;270;2
55;"o1";"15";270;300;3
55;"o5";"5";225;225;4
55;"o5";"10";285;255;5
55;"o9";"8";300;270;6
55;"o5";"4";203;172;7
55;"o5";"9";225;255;8
55;"o9";"12";300;270;9
55;"o1";"1";256;256;10
55;"o9";"2";300;150;11
55;"o5";"13";225;225;12
55;"o9";"11";300;210;13
55;"o9";"6";256;256;14
56;"o7";"12";262;278;0
56;"o1";"1";256;256;1
56;"o2";"15";274;281;2
56;"o7";"10";278;278;3
56;"o5";"8";285;285;4
56;"o9";"6";256;256;5
56;"o9";"2";300;150;6
56;"o5";"11";255;255;7
56;"o9";"3";256;256;8
56;"o5";"5";225;225;9
56;"o3";"14";278;278;10
56;"o5";"13";225;225;11
56;"o4";"9";244;244;12
56;"o5";"4";203;172;13
56;"o6";"7";244;244;14
57;"o6";"6";273;216;0
57;"o1";"1";256;256;1
57;"o9";"3";256;256;2
57;"o7";"13";262;188;3
57;"o9";"8";300;270;4
57;"o1";"15";270;300;5
57;"o2";"7";289;169;6
57;"o9";"2";300;150;7
57;"o1";"5";300;150;8
57;"o1";"14";300;270;9
57;"o1";"9";300;210;10
57;"o1";"4";150;300;11
57;"o9";"10";270;300;12
57;"o9";"12";300;270;13
58;"o6";"7";244;244;0
58;"o5";"6";278;203;1
58;"o5";"8";285;285;2
58;"o9";"3";256;256;3
58;"o5";"11";255;255;4
58;"o1";"15";270;300;5
58;"o4";"4";190;204;6
58;"o7";"10";278;278;7
58;"o9";"2";300;150;8
58;"o5";"5";225;225;9
58;"o1";"1";256;256;10
58;"o4";"9";244;244;11
58;"o5";"13";225;225;12
58;"o1";"14";300;270;13
58;"o8";"12";281;274;14
59;"o4";"9";244;244;0
59;"o5";"11";255;255;1
59;"o5";"13";225;225;2
59;"o7";"10";278;278;3
59;"o9";"2";300;150;4
59;"o3";"15";278;262;5
59;"o6";"7";244;244;6
59;"o9";"6";256;256;7
59;"o5";"8";285;285;8
59;"o3";"14";278;278;9
59;"o5";"5";225;225;10
59;"o9";"3";256;256;11
59;"o9";"12";300;270;12
59;"o5";"4";203;172;13
59;"o1";"1";256;256;14
60;"o9";"15";300;150;0
60;"o9";"4";256;44;1
60;"o1";"10";300;210;2
60;"o1";"14";300;270;3
60;"o1";"1";256;256;4
60;"o9";"2";300;150;5
60;"o9";"13";300;150;6
60;"o1";"7";300;150;7
60;"o9";"12";300;270;8
60;"o9";"3";256;256;9
60;"o9";"11";300;210;10
60;"o9";"8";300;270;11
60;"o1";"9";300;210;12
60;"o1";"5";300;150;13
60;"o1";"6";300;150;14
61;"o9";"2";300;150;0
61;"o1";"7";300;150;1
61;"o1";"1";256;256;2
61;"o9";"13";300;150;3
61;"o8";"4";243;76;4
61;"o1";"5";300;150;5
61;"o9";"12";300;270;6
61;"o8";"11";289;221;7
61;"o2";"9";281;221;8
61;"o9";"8";300;270;9
61;"o9";"3";256;256;10
61;"o1";"10";300;210;11
61;"o1";"14";300;270;12
61;"o7";"15";292;188;13
61;"o9";"6";256;256;14
62;"o6";"6";273;216;0
62;"o1";"1";256;256;1
62;"o9";"3";256;256;2
62;"o7";"13";262;188;3
62;"o9";"8";300;270;4
62;"o1";"15";270;300;5
62;"o2";"7";289;169;6
62;"o9";"2";300;150;7
62;"o1";"5";300;150;8
62;"o1";"14";300;270;9
62;"o1";"9";300;210;10
62;"o1";"4";150;300;11
62;"o9";"10";270;300;12
62;"o9";"12";300;270;13
62;"o9";"11";300;210;14
63;"o1";"6";300;150;0
63;"o9";"11";300;210;1
63;"o1";"10";300;210;2
63;"o1";"7";300;150;3
63;"o1";"1";256;256;4
63;"o1";"14";300;270;5
63;"o9";"3";256;256;6
63;"o9";"2";300;150;7
63;"o9";"15";300;150;8
63;"o1";"9";300;210;9
63;"o9";"8";300;270;10
63;"o9";"13";300;150;11
63;"o9";"4";256;44;12
63;"o9";"12";300;270;13
63;"o1";"5";300;150;14
64;"o1";"1";256;256;0
64;"o9";"12";300;270;1
64;"o5";"7";255;225;2
64;"o3";"10";292;233;3
64;"o1";"15";270;300;4
64;"o7";"11";278;233;5
64;"o9";"6";256;256;6
64;"o3";"9";262;233;7
64;"o1";"14";300;270;8
64;"o9";"2";300;150;9
64;"o1";"4";150;300;10
64;"o1";"13";150;300;11
64;"o1";"8";270;300;12
64;"o9";"3";256;256;13
64;"o5";"5";225;225;14
65;"o5";"4";203;172;0
65;"o5";"13";225;225;1
65;"o7";"10";278;278;2
65;"o9";"12";300;270;3
65;"o5";"11";255;255;4
65;"o1";"1";256;256;5
65;"o3";"14";278;278;6
65;"o5";"5";225;225;7
65;"o5";"8";285;285;8
65;"o4";"9";244;244;9
65;"o6";"7";244;244;10
65;"o9";"2";300;150;11
65;"o9";"3";256;256;12
65;"o9";"6";256;256;13
65;"o3";"15";278;262;14
66;"o5";"5";225;225;0
66;"o1";"15";270;300;1
66;"o1";"9";300;210;2
66;"o5";"4";203;172;3
66;"o9";"11";300;210;4
66;"o1";"1";256;256;5
66;"o7";"13";262;188;6
66;"o9";"3";256;256;7
66;"o9";"8";300;270;8
66;"o1";"14";300;270;9
66;"o4";"7";266;206;10
66;"o9";"12";300;270;11
66;"o3";"10";292;233;12
66;"o9";"6";256;256;13
66;"o9";"2";300;150;14
67;"o1";"6";300;150;0
67;"o9";"11";300;210;1
67;"o1";"5";300;150;2
67;"o1";"1";256;256;3
67;"o9";"3";256;256;4
67;"o9";"12";300;270;5
67;"o9";"8";300;270;6
67;"o1";"9";300;210;7
67;"o9";"2";300;150;8
67;"o9";"4";256;44;9
67;"o9";"13";300;150;10
67;"o1";"14";300;270;11
67;"o1";"10";300;210;12
67;"o9";"15";300;150;13
67;"o1";"7";300;150;14
68;"o1";"1";256;256;0
68;"o5";"11";255;255;1
68;"o1";"9";300;210;2
68;"o9";"12";300;270;3
68;"o1";"15";270;300;4
68;"o9";"2";300;150;5
68;"o1";"14";300;270;6
68;"o9";"10";270;300;7
68;"o1";"4";150;300;8
68;"o5";"13";225;225;9
68;"o9";"3";256;256;10
68;"o5";"8";285;285;11
68;"o9";"7";210;300;12
68;"o5";"5";225;225;13
68;"o9";"6";256;256;14
69;"o3";"14";278;278;0
69;"o5";"5";225;225;1
69;"o7";"6";267;230;2
69;"o5";"8";285;285;3
69;"o9";"10";270;300;4
69;"o9";"12";300;270;5
69;"o5";"11";255;255;6
69;"o6";"13";244;206;7
69;"o9";"3";256;256;8
69;"o4";"4";190;204;9
69;"o3";"9";262;233;10
69;"o1";"1";256;256;11
69;"o9";"7";210;300;12
69;"o1";"15";270;300;13
69;"o9";"2";300;150;14
70;"o9";"3";256;256;0
70;"o9";"6";256;256;1
70;"o1";"14";300;270;2
70;"o9";"12";300;270;3
70;"o9";"13";300;150;4
70;"o1";"5";300;150;5
70;"o1";"1";256;256;6
70;"o1";"10";300;210;7
70;"o1";"7";300;150;8
70;"o9";"8";300;270;9
70;"o1";"15";270;300;10
70;"o9";"11";300;210;11
70;"o1";"9";300;210;12
70;"o7";"4";230;108;13
70;"o9";"2";300;150;14
71;"o9";"4";256;44;0
71;"o8";"15";296;169;1
71;"o1";"6";300;150;2
71;"o9";"2";300;150;3
71;"o9";"8";300;270;4
71;"o1";"14";300;270;5
71;"o9";"12";300;270;6
71;"o1";"5";300;150;7
71;"o1";"7";300;150;8
71;"o1";"9";300;210;9
71;"o1";"1";256;256;10
71;"o9";"13";300;150;11
71;"o1";"10";300;210;12
71;"o9";"11";300;210;13
71;"o9";"3";256;256;14
72;"o1";"1";256;256;0
72;"o6";"4";216;140;1
72;"o1";"10";300;210;2
72;"o9";"12";300;270;3
72;"o4";"7";266;206;4
72;"o9";"3";256;256;5
72;"o1";"9";300;210;6
72;"o1";"14";300;270;7
72;"o5";"5";225;225;8
72;"o9";"2";300;150;9
72;"o2";"15";274;281;10
72;"o9";"6";256;256;11
72;"o9";"8";300;270;12
72;"o5";"13";225;225;13
72;"o9";"11";300;210;14
73;"o1";"7";300;150;0
73;"o9";"2";300;150;1
73;"o9";"13";300;150;2
73;"o9";"12";300;270;3
73;"o9";"3";256;256;4
73;"o1";"10";300;210;5
73;"o1";"5";300;150;6
73;"o9";"15";300;150;7
73;"o9";"4";256;44;8
73;"o1";"9";300;210;9
73;"o9";"8";300;270;10
73;"o1";"1";256;256;11
73;"o9";"11";300;210;12
73;"o1";"6";300;150;13
73;"o1";"14";300;270;14
74;"o1";"14";300;270;0
74;"o9";"11";300;210;1
74;"o2";"5";281;169;2
74;"o1";"1";256;256;3
74;"o7";"4";230;108;4
74;"o9";"12";300;270;5
74;"o9";"2";300;150;6
74;"o9";"13";300;150;7
74;"o2";"9";281;221;8
74;"o2";"6";295;163;9
74;"o9";"3";256;256;10
74;"o3";"10";292;233;11
74;"o3";"7";278;188;12
74;"o9";"8";300;270;13
74;"o7";"15";292;188;14
75;"o4";"4";190;204;0
75;"o4";"9";244;244;1
75;"o5";"10";285;255;2
75;"o2";"15";274;281;3
75;"o3";"5";262;188;4
75;"o3";"14";278;278;5
75;"o6";"7";244;244;6
75;"o9";"3";256;256;7
75;"o5";"8";285;285;8
75;"o5";"11";255;255;9
75;"o1";"1";256;256;10
75;"o8";"12";281;274;11
75;"o9";"6";256;256;12
75;"o9";"2";300;150;13
75;"o5";"13";225;225;14
76;"o1";"1";256;256;0
76;"o9";"11";300;210;1
76;"o1";"14";300;270;2
76;"o1";"9";300;210;3
76;"o9";"4";256;44;4
76;"o9";"3";256;256;5
76;"o9";"2";300;150;6
76;"o1";"7";300;150;7
76;"o9";"12";300;270;8
76;"o1";"5";300;150;9
76;"o9";"13";300;150;10
76;"o9";"15";300;150;11
76;"o1";"6";300;150;12
76;"o9";"8";300;270;13
76;"o1";"10";300;210;14
77;"o5";"7";255;225;0
77;"o3";"15";278;262;1
77;"o5";"8";285;285;2
77;"o4";"10";289;244;3
77;"o9";"6";256;256;4
77;"o9";"2";300;150;5
77;"o5";"4";203;172;6
77;"o1";"14";300;270;7
77;"o9";"12";300;270;8
77;"o7";"13";262;188;9
77;"o5";"11";255;255;10
77;"o9";"3";256;256;11
77;"o1";"9";300;210;12
77;"o1";"1";256;256;13
77;"o4";"5";244;206;14
78;"o9";"2";300;150;0
78;"o9";"13";300;150;1
78;"o1";"6";300;150;2
78;"o1";"7";300;150;3
78;"o1";"5";300;150;4
78;"o9";"8";300;270;5
78;"o1";"14";300;270;6
78;"o1";"1";256;256;7
78;"o9";"11";300;210;8
78;"o9";"10";270;300;9
78;"o1";"9";300;210;10
78;"o9";"15";300;150;11
78;"o9";"4";256;44;12
78;"o9";"12";300;270;13
78;"o9";"3";256;256;14
79;"o9";"12";300;270;0
79;"o1";"10";300;210;1
79;"o1";"6";300;150;2
79;"o1";"7";300;150;3
79;"o9";"11";300;210;4
79;"o1";"14";300;270;5
79;"o9";"15";300;150;6
79;"o9";"2";300;150;7
79;"o9";"13";300;150;8
79;"o9";"3";256;256;9
79;"o9";"8";300;270;10
79;"o1";"1";256;256;11
79;"o1";"9";300;210;12
79;"o1";"5";300;150;13
79;"o9";"4";256;44;14
80;"o9";"12";300;270;0
80;"o1";"1";256;256;1
80;"o1";"5";300;150;2
80;"o9";"15";300;150;3
80;"o9";"3";256;256;4
80;"o9";"4";256;44;5
80;"o1";"6";300;150;6
80;"o1";"9";300;210;7
80;"o9";"8";300;270;8
80;"o1";"14";300;270;9
80;"o1";"7";300;150;10
80;"o9";"11";300;210;11
80;"o9";"13";300;150;12
80;"o1";"10";300;210;13
80;"o9";"2";300;150;14
81;"o9";"2";300;150;0
81;"o9";"8";300;270;1
81;"o1";"7";300;150;2
81;"o1";"1";256;256;3
81;"o1";"10";300;210;4
81;"o1";"6";300;150;5
81;"o9";"15";300;150;6
81;"o9";"4";256;44;7
81;"o1";"9";300;210;8
81;"o9";"13";300;150;9
81;"o9";"12";300;270;10
81;"o1";"5";300;150;11
81;"o1";"14";300;270;12
81;"o9";"3";256;256;13
81;"o9";"11";300;210;14
82;"o4";"5";244;206;0
82;"o9";"12";300;270;1
82;"o9";"3";256;256;2
82;"o1";"9";300;210;3
82;"o6";"15";289;206;4
82;"o6";"1";256;123;5
82;"o8";"11";289;221;6
82;"o4";"7";266;206;7
82;"o9";"6";256;256;8
82;"o9";"2";300;150;9
82;"o7";"8";292;278;10
82;"o3";"14";278;278;11
82;"o7";"10";278;278;12
82;"o6";"13";244;206;13
82;"o4";"4";190;204;14
83;"o1";"5";300;150;0
83;"o1";"14";300;270;1
83;"o9";"4";256;44;2
83;"o9";"15";300;150;3
83;"o1";"1";256;256;4
83;"o9";"11";300;210;5
83;"o9";"3";256;256;6
83;"o9";"2";300;150;7
83;"o9";"13";300;150;8
83;"o9";"10";270;300;9
83;"o1";"9";300;210;10
83;"o1";"7";300;150;11
83;"o1";"6";300;150;12
83;"o9";"12";300;270;13
83;"o9";"8";300;270;14
84;"o9";"3";256;256;0
84;"o5";"5";225;225;1
84;"o1";"1";256;256;2
84;"o5";"13";225;225;3
84;"o6";"7";244;244;4
84;"o9";"6";256;256;5
84;"o6";"4";216;140;6
84;"o5";"11";255;255;7
84;"o7";"10";278;278;8
84;"o1";"14";300;270;9
84;"o3";"15";278;262;10
84;"o9";"2";300;150;11
84;"o9";"12";300;270;12
84;"o9";"8";300;270;13
84;"o5";"9";225;255;14
85;"o7";"12";262;278;0
85;"o5";"8";285;285;1
85;"o2";"15";274;281;2
85;"o9";"3";256;256;3
85;"o1";"1";256;256;4
85;"o6";"7";244;244;5
85;"o7";"10";278;278;6
85;"o3";"14";278;278;7
85;"o5";"5";225;225;8
85;"o4";"9";244;244;9
85;"o9";"2";300;150;10
85;"o5";"11";255;255;11
85;"o5";"13";225;225;12
85;"o9";"6";256;256;13
85;"o4";"4";190;204;14
86;"o2";"15";274;281;0
86;"o4";"9";244;244;1
86;"o4";"10";289;244;2
86;"o3";"14";278;278;3
86;"o5";"8";285;285;4
86;"o9";"2";300;150;5
86;"o5";"13";225;225;6
86;"o6";"7";244;244;7
86;"o1";"1";256;256;8
86;"o9";"6";256;256;9
86;"o5";"11";255;255;10
86;"o5";"5";225;225;11
86;"o9";"12";300;270;12
86;"o9";"3";256;256;13
86;"o3";"4";177;236;14
87;"o1";"15";270;300;0
87;"o1";"1";256;256;1
87;"o5";"13";225;225;2
87;"o6";"7";244;244;3
87;"o3";"4";177;236;4
87;"o5";"5";225;225;5
87;"o9";"10";270;300;6
87;"o9";"2";300;150;7
87;"o4";"9";244;244;8
87;"o9";"6";256;256;9
87;"o4";"11";244;266;10
87;"o1";"14";300;270;11
87;"o9";"3";256;256;12
87;"o5";"8";285;285;13
87;"o9";"12";300;270;14
88;"o5";"13";225;225;0
88;"o5";"11";255;255;1
88;"o2";"15";274;281;2
88;"o9";"2";300;150;3
88;"o3";"14";278;278;4
88;"o9";"3";256;256;5
88;"o7";"10";278;278;6
88;"o1";"1";256;256;7
88;"o9";"6";256;256;8
88;"o4";"4";190;204;9
88;"o4";"9";244;244;10
88;"o5";"8";285;285;11
88;"o6";"7";244;244;12
88;"o8";"12";281;274;13
88;"o8";"5";169;281;14
89;"o3";"15";278;262;0
89;"o3";"7";278;188;1
89;"o7";"10";278;278;2
89;"o9";"2";300;150;3
89;"o3";"14";278;278;4
89;"o9";"6";256;256;5
89;"o5";"11";255;255;6
89;"o4";"9";244;244;7
89;"o5";"8";285;285;8
89;"o5";"5";225;225;9
89;"o9";"12";300;270;10
89;"o9";"3";256;256;11
89;"o1";"1";256;256;12
89;"o5";"13";225;225;13
89;"o5";"4";203;172;14
90;"o1";"15";270;300;0
90;"o5";"11";255;255;1
90;"o6";"7";244;244;2
90;"o4";"9";244;244;3
90;"o9";"3";256;256;4
90;"o9";"6";256;256;5
90;"o5";"13";225;225;6
90;"o7";"10";278;278;7
90;"o3";"14";278;278;8
90;"o5";"8";285;285;9
90;"o1";"1";256;256;10
90;"o5";"4";203;172;11
90;"o5";"5";225;225;12
90;"o8";"12";281;274;13
90;"o9";"2";300;150;14
91;"o6";"13";244;206;0
91;"o9";"3";256;256;1
91;"o1";"14";300;270;2
91;"o5";"5";225;225;3
91;"o1";"10";300;210;4
91;"o9";"7";210;300;5
91;"o9";"11";300;210;6
91;"o1";"1";256;256;7
91;"o9";"8";300;270;8
91;"o9";"12";300;270;9
91;"o1";"15";270;300;10
91;"o9";"2";300;150;11
91;"o3";"4";177;236;12
91;"o9";"6";256;256;13
91;"o1";"9";300;210;14
92;"o1";"14";300;270;0
92;"o1";"1";256;256;1
92;"o9";"2";300;150;2
92;"o3";"6";289;177;3
92;"o7";"15";292;188;4
92;"o9";"3";256;256;5
92;"o8";"12";281;274;6
92;"o1";"9";300;210;7
92;"o2";"7";289;169;8
92;"o2";"10";296;221;9
92;"o1";"8";270;300;10
92;"o3";"5";262;188;11
92;"o8";"11";289;221;12
92;"o8";"13";281;169;13
92;"o7";"4";230;108;14
93;"o1";"9";300;210;0
93;"o9";"12";300;270;1
93;"o1";"7";300;150;2
93;"o1";"10";300;210;3
93;"o9";"11";300;210;4
93;"o1";"6";300;150;5
93;"o9";"2";300;150;6
93;"o1";"5";300;150;7
93;"o1";"14";300;270;8
93;"o9";"13";300;150;9
93;"o9";"8";300;270;10
93;"o9";"15";300;150;11
93;"o9";"3";256;256;12
93;"o9";"1";256;44;13
93;"o9";"4";256;44;14
94;"o9";"12";300;270;0
94;"o1";"7";300;150;1
94;"o9";"15";300;150;2
94;"o1";"10";300;210;3
94;"o9";"11";300;210;4
94;"o9";"13";300;150;5
94;"o1";"9";300;210;6
94;"o1";"14";300;270;7
94;"o1";"5";300;150;8
94;"o9";"8";300;270;9
94;"o9";"2";300;150;10
94;"o9";"3";256;256;11
94;"o9";"4";256;44;12
94;"o1";"1";256;256;13
94;"o1";"6";300;150;14
95;"o1";"5";300;150;0
95;"o9";"12";300;270;1
95;"o1";"10";300;210;2
95;"o9";"3";256;256;3
95;"o9";"2";300;150;4
95;"o1";"7";300;150;5
95;"o9";"15";300;150;6
95;"o9";"8";300;270;7
95;"o1";"14";300;270;8
95;"o1";"1";256;256;9
95;"o9";"11";300;210;10
95;"o9";"4";256;44;11
95;"o9";"6";256;256;12
95;"o1";"9";300;210;13
95;"o9";"13";300;150;14
96;"o4";"10";289;244;0
96;"o1";"1";256;256;1
96;"o2";"5";281;169;2
96;"o2";"14";289;274;3
96;"o8";"3";243;262;4
96;"o8";"11";289;221;5
96;"o9";"2";300;150;6
96;"o9";"12";300;270;7
96;"o9";"8";300;270;8
96;"o3";"6";289;177;9
96;"o7";"4";230;108;10
96;"o2";"7";289;169;11
96;"o8";"13";281;169;12
96;"o2";"9";281;221;13
96;"o8";"15";296;169;14
98;"o1";"5";300;150;0
98;"o9";"12";300;270;1
98;"o9";"3";256;256;2
98;"o1";"6";300;150;3
98;"o9";"13";300;150;4
98;"o9";"15";300;150;5
98;"o1";"10";300;210;6
98;"o9";"4";256;44;7
98;"o9";"11";300;210;8
98;"o1";"9";300;210;9
98;"o1";"14";300;270;10
98;"o1";"7";300;150;11
98;"o9";"2";300;150;12
98;"o9";"8";300;270;13
98;"o1";"1";256;256;14
99;"o2";"10";296;221;0
99;"o9";"8";300;270;1
99;"o9";"11";300;210;2
99;"o8";"6";262;243;3
99;"o1";"14";300;270;4
99;"o9";"4";256;44;5
99;"o1";"9";300;210;6
99;"o8";"12";281;274;7
99;"o1";"1";256;256;8
99;"o9";"3";256;256;9
99;"o1";"7";300;150;10
99;"o2";"15";274;281;11
99;"o9";"2";300;150;12
99;"o1";"5";300;150;13
99;"o9";"13";300;150;14
100;"o3";"5";262;188;0
100;"o6";"4";216;140;1
100;"o9";"11";300;210;2
100;"o3";"7";278;188;3
100;"o1";"1";256;256;4
100;"o6";"13";244;206;5
100;"o2";"10";296;221;6
100;"o3";"15";278;262;7
100;"o3";"14";278;278;8
100;"o9";"8";300;270;9
100;"o9";"2";300;150;10
100;"o9";"3";256;256;11
100;"o4";"9";244;244;12
100;"o4";"6";284;190;13
100;"o9";"12";300;270;14
101;"o1";"5";300;150;0
101;"o9";"13";300;150;1
101;"o9";"3";256;256;2
101;"o9";"6";256;256;3
101;"o1";"14";300;270;4
101;"o1";"1";256;256;5
101;"o9";"12";300;270;6
101;"o2";"7";289;169;7
101;"o3";"15";278;262;8
101;"o7";"4";230;108;9
101;"o1";"9";300;210;10
101;"o9";"8";300;270;11
101;"o9";"2";300;150;12
101;"o3";"10";292;233;13
101;"o9";"11";300;210;14
102;"o9";"3";256;256;0
102;"o1";"9";300;210;1
102;"o9";"13";300;150;2
102;"o1";"5";300;150;3
102;"o9";"12";300;270;4
102;"o1";"7";300;150;5
102;"o9";"4";256;44;6
102;"o9";"15";300;150;7
102;"o9";"8";300;270;8
102;"o9";"11";300;210;9
102;"o1";"14";300;270;10
102;"o1";"6";300;150;11
102;"o1";"10";300;210;12
102;"o9";"2";300;150;13
102;"o1";"1";256;256;14
103;"o9";"13";300;150;0
103;"o9";"11";300;210;1
103;"o1";"5";300;150;2
103;"o9";"2";300;150;3
103;"o1";"1";256;256;4
103;"o7";"15";292;188;5
103;"o1";"10";300;210;6
103;"o9";"4";256;44;7
103;"o1";"6";300;150;8
103;"o1";"7";300;150;9
103;"o9";"12";300;270;10
103;"o1";"14";300;270;11
103;"o9";"3";256;256;12
103;"o9";"8";300;270;13
103;"o1";"9";300;210;14
104;"o9";"8";300;270;0
104;"o9";"12";300;270;1
104;"o1";"15";270;300;2
104;"o5";"7";255;225;3
104;"o1";"1";256;256;4
104;"o9";"2";300;150;5
104;"o6";"13";244;206;6
104;"o5";"11";255;255;7
104;"o3";"5";262;188;8
104;"o9";"6";256;256;9
104;"o1";"14";300;270;10
104;"o1";"9";300;210;11
104;"o7";"10";278;278;12
104;"o7";"4";230;108;13
104;"o9";"3";256;256;14
105;"o3";"14";278;278;0
105;"o5";"15";285;225;1
105;"o2";"6";295;163;2
105;"o3";"10";292;233;3
105;"o7";"4";230;108;4
105;"o1";"5";300;150;5
105;"o7";"3";230;267;6
105;"o5";"13";225;225;7
105;"o9";"2";300;150;8
105;"o9";"8";300;270;9
105;"o6";"7";244;244;10
105;"o4";"9";244;244;11
105;"o6";"1";256;123;12
105;"o9";"12";300;270;13
105;"o9";"11";300;210;14
106;"o5";"15";285;225;0
106;"o1";"7";300;150;1
106;"o1";"14";300;270;2
106;"o9";"2";300;150;3
106;"o1";"9";300;210;4
106;"o9";"3";256;256;5
106;"o5";"13";225;225;6
106;"o4";"4";190;204;7
106;"o5";"8";285;285;8
106;"o1";"1";256;256;9
106;"o5";"11";255;255;10
106;"o9";"12";300;270;11
106;"o5";"10";285;255;12
106;"o2";"5";281;169;13
106;"o9";"6";256;256;14
107;"o5";"11";255;255;0
107;"o5";"15";285;225;1
107;"o9";"2";300;150;2
107;"o5";"10";285;255;3
107;"o5";"8";285;285;4
107;"o5";"4";203;172;5
107;"o5";"5";225;225;6
107;"o9";"12";300;270;7
107;"o4";"9";244;244;8
107;"o1";"1";256;256;9
107;"o6";"7";244;244;10
107;"o9";"6";256;256;11
107;"o5";"13";225;225;12
107;"o9";"3";256;256;13
108;"o9";"3";256;256;0
108;"o9";"8";300;270;1
108;"o1";"5";300;150;2
108;"o4";"15";281;244;3
108;"o1";"1";256;256;4
108;"o5";"7";255;225;5
108;"o9";"11";300;210;6
108;"o9";"6";256;256;7
108;"o7";"4";230;108;8
108;"o5";"13";225;225;9
108;"o4";"9";244;244;10
108;"o9";"2";300;150;11
108;"o1";"10";300;210;12
108;"o1";"14";300;270;13
108;"o9";"12";300;270;14
109;"o1";"6";300;150;0
109;"o9";"8";300;270;1
109;"o1";"1";256;256;2
109;"o9";"2";300;150;3
109;"o1";"10";300;210;4
109;"o9";"4";256;44;5
109;"o9";"3";256;256;6
109;"o1";"14";300;270;7
109;"o1";"7";300;150;8
109;"o9";"13";300;150;9
109;"o1";"9";300;210;10
109;"o9";"15";300;150;11
109;"o9";"12";300;270;12
109;"o9";"11";300;210;13
109;"o1";"5";300;150;14
110;"o4";"15";281;244;0
110;"o5";"4";203;172;1
110;"o5";"8";285;285;2
110;"o6";"7";244;244;3
110;"o5";"5";225;225;4
110;"o5";"11";255;255;5
110;"o8";"12";281;274;6
110;"o7";"10";278;278;7
110;"o3";"14";278;278;8
110;"o4";"9";244;244;9
110;"o9";"3";256;256;10
110;"o9";"2";300;150;11
110;"o5";"13";225;225;12
110;"o9";"6";256;256;13
110;"o1";"1";256;256;14
111;"o1";"6";300;150;0
111;"o9";"8";300;270;1
111;"o9";"11";300;210;2
111;"o9";"4";256;44;3
111;"o9";"15";300;150;4
111;"o1";"5";300;150;5
111;"o1";"9";300;210;6
111;"o1";"14";300;270;7
111;"o9";"12";300;270;8
111;"o9";"13";300;150;9
111;"o9";"2";300;150;10
111;"o1";"7";300;150;11
111;"o1";"10";300;210;12
111;"o9";"3";256;256;13
111;"o1";"1";256;256;14
112;"o1";"14";300;270;0
112;"o4";"5";244;206;1
112;"o7";"4";230;108;2
112;"o1";"1";256;256;3
112;"o4";"6";284;190;4
112;"o9";"3";256;256;5
112;"o7";"10";278;278;6
112;"o2";"7";289;169;7
112;"o8";"13";281;169;8
112;"o9";"11";300;210;9
112;"o6";"15";289;206;10
112;"o1";"9";300;210;11
112;"o9";"2";300;150;12
112;"o9";"12";300;270;13
112;"o9";"8";300;270;14
113;"o9";"13";300;150;0
113;"o9";"2";300;150;1
113;"o1";"14";300;270;2
113;"o1";"7";300;150;3
113;"o9";"8";300;270;4
113;"o9";"11";300;210;5
113;"o9";"4";256;44;6
113;"o1";"9";300;210;7
113;"o1";"10";300;210;8
113;"o9";"3";256;256;9
113;"o1";"5";300;150;10
113;"o9";"12";300;270;11
113;"o9";"15";300;150;12
113;"o1";"6";300;150;13
113;"o1";"1";256;256;14
114;"o1";"9";300;210;0
114;"o9";"12";300;270;1
114;"o1";"10";300;210;2
114;"o9";"8";300;270;3
114;"o9";"15";300;150;4
114;"o1";"6";300;150;5
114;"o1";"1";256;256;6
114;"o1";"7";300;150;7
114;"o9";"3";256;256;8
114;"o9";"4";256;44;9
114;"o1";"14";300;270;10
114;"o9";"13";300;150;11
114;"o9";"2";300;150;12
114;"o1";"5";300;150;13
114;"o9";"11";300;210;14
115;"o9";"3";256;256;0
115;"o1";"1";256;256;1
115;"o9";"8";300;270;2
115;"o9";"12";300;270;3
115;"o9";"11";300;210;4
115;"o9";"2";300;150;5
115;"o1";"14";300;270;6
115;"o9";"15";300;150;7
115;"o9";"13";300;150;8
115;"o9";"4";256;44;9
115;"o1";"10";300;210;10
115;"o1";"7";300;150;11
115;"o1";"6";300;150;12
115;"o1";"5";300;150;13
115;"o1";"9";300;210;14
116;"o9";"2";300;150;0
116;"o9";"13";300;150;1
116;"o1";"7";300;150;2
116;"o9";"11";300;210;3
116;"o1";"10";300;210;4
116;"o1";"6";300;150;5
116;"o9";"15";300;150;6
116;"o1";"1";256;256;7
116;"o1";"5";300;150;8
116;"o9";"4";256;44;9
116;"o9";"8";300;270;10
116;"o9";"3";256;256;11
116;"o9";"12";300;270;12
116;"o1";"14";300;270;13
116;"o1";"9";300;210;14
117;"o1";"9";300;210;0
117;"o1";"6";300;150;1
117;"o1";"10";300;210;2
117;"o9";"13";300;150;3
117;"o9";"8";300;270;4
117;"o9";"4";256;44;5
117;"o1";"5";300;150;6
117;"o1";"1";256;256;7
117;"o9";"3";256;256;8
117;"o9";"11";300;210;9
117;"o9";"15";300;150;10
117;"o9";"12";300;270;11
117;"o9";"2";300;150;12
117;"o1";"14";300;270;13
117;"o1";"7";300;150;14
118;"o9";"11";300;210;0
118;"o9";"2";300;150;1
118;"o9";"1";256;44;2
118;"o9";"4";256;44;3
118;"o1";"5";300;150;4
118;"o9";"8";300;270;5
118;"o9";"12";300;270;6
118;"o9";"3";256;256;7
118;"o1";"7";300;150;8
118;"o1";"6";300;150;9
118;"o9";"15";300;150;10
118;"o9";"13";300;150;11
118;"o1";"9";300;210;12
118;"o1";"14";300;270;13
118;"o1";"10";300;210;14
119;"o1";"7";300;150;0
119;"o1";"6";300;150;1
119;"o1";"14";300;270;2
119;"o9";"8";300;270;3
119;"o1";"1";256;256;4
119;"o9";"3";256;256;5
119;"o9";"13";300;150;6
119;"o1";"5";300;150;7
119;"o1";"9";300;210;8
119;"o9";"11";300;210;9
119;"o9";"2";300;150;10
119;"o9";"15";300;150;11
119;"o9";"12";300;270;12
119;"o9";"4";256;44;13
119;"o1";"10";300;210;14
120;"o1";"9";300;210;0
120;"o9";"12";300;270;1
120;"o9";"15";300;150;2
120;"o1";"5";300;150;3
120;"o9";"3";256;256;4
120;"o9";"13";300;150;5
120;"o1";"10";300;210;6
120;"o1";"7";300;150;7
120;"o1";"1";256;256;8
120;"o1";"14";300;270;9
120;"o9";"4";256;44;10
120;"o9";"11";300;210;11
120;"o1";"6";300;150;12
120;"o9";"2";300;150;13
120;"o9";"8";300;270;14
121;"o4";"15";281;244;0
121;"o9";"2";300;150;1
121;"o5";"4";203;172;2
121;"o4";"6";284;190;3
121;"o9";"8";300;270;4
121;"o9";"13";300;150;5
121;"o1";"5";300;150;6
121;"o1";"9";300;210;7
121;"o1";"14";300;270;8
121;"o9";"12";300;270;9
121;"o9";"3";256;256;10
121;"o9";"11";300;210;11
121;"o1";"1";256;256;12
121;"o1";"7";300;150;13
121;"o1";"10";300;210;14
122;"o1";"7";300;150;0
122;"o9";"8";300;270;1
122;"o1";"6";300;150;2
122;"o1";"9";300;210;3
122;"o1";"1";256;256;4
122;"o9";"12";300;270;5
122;"o1";"14";300;270;6
122;"o9";"15";300;150;7
122;"o9";"3";256;256;8
122;"o9";"11";300;210;9
122;"o1";"10";300;210;10
122;"o9";"13";300;150;11
122;"o9";"4";256;44;12
122;"o9";"2";300;150;13
122;"o1";"5";300;150;14
123;"o9";"13";300;150;0
123;"o9";"2";300;150;1
123;"o9";"12";300;270;2
123;"o9";"3";256;256;3
123;"o1";"14";300;270;4
123;"o1";"7";300;150;5
123;"o1";"1";256;256;6
123;"o1";"9";300;210;7
123;"o1";"10";300;210;8
123;"o1";"5";300;150;9
123;"o9";"8";300;270;10
123;"o9";"15";300;150;11
123;"o9";"11";300;210;12
123;"o9";"4";256;44;13
123;"o1";"6";300;150;14
124;"o9";"11";300;210;0
124;"o1";"14";300;270;1
124;"o9";"12";300;270;2
124;"o9";"2";300;150;3
124;"o9";"8";300;270;4
124;"o1";"7";300;150;5
124;"o1";"9";300;210;6
124;"o9";"3";256;256;7
124;"o1";"6";300;150;8
124;"o9";"13";300;150;9
124;"o9";"4";256;44;10
124;"o1";"10";300;210;11
124;"o1";"5";300;150;12
124;"o9";"15";300;150;13
124;"o1";"1";256;256;14
125;"o1";"14";300;270;0
125;"o1";"9";300;210;1
125;"o1";"1";256;256;2
125;"o9";"4";256;44;3
125;"o1";"7";300;150;4
125;"o9";"3";256;256;5
125;"o9";"13";300;150;6
125;"o9";"12";300;270;7
125;"o9";"11";300;210;8
125;"o1";"10";300;210;9
125;"o9";"15";300;150;10
125;"o9";"2";300;150;11
125;"o1";"5";300;150;12
125;"o1";"6";300;150;13
125;"o9";"8";300;270;14
126;"o4";"15";281;244;0
126;"o1";"1";256;256;1
126;"o7";"10";278;278;2
126;"o6";"7";244;244;3
126;"o5";"4";203;172;4
126;"o8";"12";281;274;5
126;"o9";"6";256;256;6
126;"o9";"2";300;150;7
126;"o5";"11";255;255;8
126;"o5";"8";285;285;9
126;"o5";"13";225;225;10
126;"o4";"9";244;244;11
126;"o3";"14";278;278;12
126;"o9";"3";256;256;13
126;"o5";"5";225;225;14
127;"o1";"1";256;256;0
127;"o9";"3";256;256;1
127;"o9";"2";300;150;2
127;"o1";"14";300;270;3
127;"o9";"6";256;256;4
127;"o5";"11";255;255;5
127;"o5";"13";225;225;6
127;"o7";"10";278;278;7
127;"o1";"15";270;300;8
127;"o4";"4";190;204;9
127;"o5";"8";285;285;10
127;"o9";"12";300;270;11
127;"o5";"5";225;225;12
127;"o6";"7";244;244;13
127;"o4";"9";244;244;14
128;"o9";"3";256;256;0
128;"o9";"12";300;270;1
128;"o9";"4";256;44;2
128;"o1";"10";300;210;3
128;"o9";"13";300;150;4
128;"o9";"8";300;270;5
128;"o1";"6";300;150;6
128;"o9";"11";300;210;7
128;"o9";"15";300;150;8
128;"o1";"9";300;210;9
128;"o9";"2";300;150;10
128;"o1";"1";256;256;11
128;"o1";"7";300;150;12
128;"o1";"14";300;270;13
128;"o1";"5";300;150;14
129;"o5";"8";285;285;0
129;"o3";"14";278;278;1
129;"o3";"7";278;188;2
129;"o1";"10";300;210;3
129;"o4";"5";244;206;4
129;"o1";"1";256;256;5
129;"o9";"3";256;256;6
129;"o6";"4";216;140;7
129;"o9";"12";300;270;8
129;"o1";"15";270;300;9
129;"o1";"9";300;210;10
129;"o9";"2";300;150;11
129;"o9";"6";256;256;12
129;"o9";"13";300;150;13
129;"o9";"11";300;210;14
130;"o5";"13";225;225;0
130;"o9";"3";256;256;1
130;"o9";"8";300;270;2
130;"o6";"4";216;140;3
130;"o5";"15";285;225;4
130;"o5";"7";255;225;5
130;"o7";"10";278;278;6
130;"o9";"6";256;256;7
130;"o9";"12";300;270;8
130;"o5";"11";255;255;9
130;"o9";"2";300;150;10
130;"o1";"1";256;256;11
130;"o1";"9";300;210;12
130;"o1";"14";300;270;13
130;"o5";"5";225;225;14
131;"o9";"3";256;256;0
131;"o9";"2";300;150;1
131;"o8";"15";296;169;2
131;"o1";"1";256;256;3
131;"o7";"8";292;278;4
131;"o2";"7";289;169;5
131;"o2";"6";295;163;6
131;"o9";"12";300;270;7
131;"o1";"14";300;270;8
131;"o2";"10";296;221;9
131;"o8";"13";281;169;10
131;"o2";"5";281;169;11
131;"o9";"4";256;44;12
131;"o1";"9";300;210;13
131;"o9";"11";300;210;14
132;"o6";"7";244;244;0
132;"o1";"9";300;210;1
132;"o9";"10";270;300;2
132;"o9";"2";300;150;3
132;"o9";"3";256;256;4
132;"o9";"12";300;270;5
132;"o5";"8";285;285;6
132;"o2";"14";289;274;7
132;"o5";"11";255;255;8
132;"o5";"13";225;225;9
132;"o1";"15";270;300;10
132;"o4";"4";190;204;11
132;"o5";"5";225;225;12
132;"o1";"1";256;256;13
132;"o9";"6";256;256;14
133;"o1";"5";300;150;0
133;"o1";"1";256;256;1
133;"o9";"2";300;150;2
133;"o9";"8";300;270;3
133;"o1";"7";300;150;4
133;"o1";"10";300;210;5
133;"o4";"15";281;244;6
133;"o1";"9";300;210;7
133;"o9";"12";300;270;8
133;"o9";"11";300;210;9
133;"o9";"3";256;256;10
133;"o1";"14";300;270;11
133;"o5";"4";203;172;12
133;"o9";"13";300;150;13
133;"o9";"6";256;256;14
134;"o9";"8";300;270;0
134;"o5";"5";225;225;1
134;"o1";"14";300;270;2
134;"o9";"12";300;270;3
134;"o1";"1";256;256;4
134;"o5";"11";255;255;5
134;"o9";"10";270;300;6
134;"o9";"2";300;150;7
134;"o1";"15";270;300;8
134;"o1";"9";300;210;9
134;"o1";"4";150;300;10
134;"o9";"6";256;256;11
134;"o5";"13";225;225;12
134;"o9";"3";256;256;13
134;"o9";"7";210;300;14
136;"o9";"2";300;150;0
136;"o1";"14";300;270;1
136;"o1";"6";300;150;2
136;"o9";"13";300;150;3
136;"o8";"4";243;76;4
136;"o4";"10";289;244;5
136;"o1";"7";300;150;6
136;"o7";"15";292;188;7
136;"o9";"12";300;270;8
136;"o1";"1";256;256;9
136;"o9";"11";300;210;10
136;"o9";"3";256;256;11
136;"o9";"8";300;270;12
136;"o1";"9";300;210;13
136;"o1";"5";300;150;14
137;"o5";"5";225;225;0
137;"o5";"8";285;285;1
137;"o3";"15";278;262;2
137;"o5";"13";225;225;3
137;"o9";"2";300;150;4
137;"o4";"9";244;244;5
137;"o7";"10";278;278;6
137;"o8";"12";281;274;7
137;"o5";"14";255;285;8
137;"o5";"7";255;225;9
137;"o5";"11";255;255;10
137;"o9";"6";256;256;11
137;"o5";"4";203;172;12
137;"o1";"1";256;256;13
137;"o9";"3";256;256;14
138;"o1";"1";256;256;0
138;"o7";"10";278;278;1
138;"o3";"14";278;278;2
138;"o5";"11";255;255;3
138;"o4";"4";190;204;4
138;"o9";"3";256;256;5
138;"o6";"7";244;244;6
138;"o5";"5";225;225;7
138;"o9";"2";300;150;8
138;"o9";"12";300;270;9
138;"o5";"13";225;225;10
138;"o4";"9";244;244;11
138;"o5";"8";285;285;12
138;"o1";"15";270;300;13
138;"o9";"6";256;256;14
139;"o9";"4";256;44;0
139;"o1";"5";300;150;1
139;"o1";"6";300;150;2
139;"o9";"3";256;256;3
139;"o9";"12";300;270;4
139;"o9";"8";300;270;5
139;"o9";"2";300;150;6
139;"o9";"15";300;150;7
139;"o1";"10";300;210;8
139;"o9";"11";300;210;9
139;"o1";"7";300;150;10
139;"o1";"1";256;256;11
139;"o1";"14";300;270;12
139;"o1";"9";300;210;13
139;"o9";"13";300;150;14
140;"o4";"7";266;206;0
140;"o3";"10";292;233;1
140;"o9";"2";300;150;2
140;"o5";"15";285;225;3
140;"o5";"11";255;255;4
140;"o5";"5";225;225;5
140;"o9";"3";256;256;6
140;"o3";"9";262;233;7
140;"o9";"8";300;270;8
140;"o1";"1";256;256;9
140;"o2";"14";289;274;10
140;"o8";"12";281;274;11
140;"o6";"4";216;140;12
140;"o8";"6";262;243;13
140;"o6";"13";244;206;14
141;"o1";"10";300;210;0
141;"o8";"11";289;221;1
141;"o9";"12";300;270;2
141;"o1";"14";300;270;3
141;"o1";"1";256;256;4
141;"o3";"9";262;233;5
141;"o1";"5";300;150;6
141;"o7";"4";230;108;7
141;"o9";"8";300;270;8
141;"o9";"3";256;256;9
141;"o9";"2";300;150;10
141;"o3";"7";278;188;11
141;"o3";"15";278;262;12
141;"o5";"6";278;203;13
141;"o7";"13";262;188;14
142;"o4";"9";244;244;0
142;"o7";"12";262;278;1
142;"o5";"4";203;172;2
142;"o1";"15";270;300;3
142;"o9";"8";300;270;4
142;"o9";"2";300;150;5
142;"o1";"7";300;150;6
142;"o1";"14";300;270;7
142;"o5";"10";285;255;8
142;"o5";"5";225;225;9
142;"o9";"3";256;256;10
142;"o1";"1";256;256;11
142;"o9";"6";256;256;12
142;"o5";"13";225;225;13
142;"o5";"11";255;255;14
143;"o1";"14";300;270;0
143;"o1";"15";270;300;1
143;"o1";"1";256;256;2
143;"o9";"12";300;270;3
143;"o9";"6";256;256;4
143;"o9";"2";300;150;5
143;"o1";"9";300;210;6
143;"o1";"7";300;150;7
143;"o9";"10";270;300;8
143;"o1";"5";300;150;9
143;"o9";"3";256;256;10
143;"o9";"13";300;150;11
143;"o9";"4";256;44;12
143;"o9";"11";300;210;13
143;"o9";"8";300;270;14
144;"o6";"13";244;206;0
144;"o1";"1";256;256;1
144;"o1";"15";270;300;2
144;"o9";"3";256;256;3
144;"o9";"2";300;150;4
144;"o9";"12";300;270;5
144;"o9";"7";210;300;6
144;"o1";"9";300;210;7
144;"o1";"8";270;300;8
144;"o1";"14";300;270;9
144;"o9";"10";270;300;10
144;"o5";"5";225;225;11
144;"o6";"6";273;216;12
144;"o4";"4";190;204;13
144;"o1";"11";210;300;14
145;"o6";"7";244;244;0
145;"o7";"10";278;278;1
145;"o9";"8";300;270;2
145;"o1";"1";256;256;3
145;"o1";"9";300;210;4
145;"o5";"4";203;172;5
145;"o9";"3";256;256;6
145;"o9";"12";300;270;7
145;"o4";"5";244;206;8
145;"o4";"15";281;244;9
145;"o6";"6";273;216;10
145;"o6";"13";244;206;11
145;"o9";"2";300;150;12
145;"o3";"14";278;278;13
145;"o5";"11";255;255;14
146;"o7";"15";292;188;0
146;"o9";"8";300;270;1
146;"o9";"12";300;270;2
146;"o1";"14";300;270;3
146;"o9";"11";300;210;4
146;"o1";"6";300;150;5
146;"o1";"1";256;256;6
146;"o9";"13";300;150;7
146;"o1";"9";300;210;8
146;"o9";"3";256;256;9
146;"o9";"2";300;150;10
146;"o9";"10";270;300;11
146;"o1";"5";300;150;12
146;"o1";"7";300;150;13
146;"o9";"4";256;44;14
147;"o9";"12";300;270;0
147;"o9";"8";300;270;1
147;"o9";"2";300;150;2
147;"o2";"14";289;274;3
147;"o9";"15";300;150;4
147;"o9";"11";300;210;5
147;"o1";"9";300;210;6
147;"o1";"7";300;150;7
147;"o9";"10";270;300;8
147;"o9";"3";256;256;9
147;"o1";"5";300;150;10
147;"o2";"6";295;163;11
147;"o9";"13";300;150;12
147;"o1";"1";256;256;13
147;"o9";"4";256;44;14
148;"o9";"6";256;256;0
148;"o9";"8";300;270;1
148;"o1";"7";300;150;2
148;"o1";"14";300;270;3
148;"o9";"11";300;210;4
148;"o1";"1";256;256;5
148;"o1";"9";300;210;6
148;"o9";"15";300;150;7
148;"o9";"3";256;256;8
148;"o9";"13";300;150;9
148;"o9";"2";300;150;10
148;"o1";"10";300;210;11
148;"o1";"5";300;150;12
148;"o9";"12";300;270;13
148;"o9";"4";256;44;14
149;"o5";"4";203;172;0
149;"o3";"9";262;233;1
149;"o2";"1";256;230;2
149;"o9";"2";300;150;3
149;"o9";"8";300;270;4
149;"o4";"7";266;206;5
149;"o4";"15";281;244;6
149;"o9";"12";300;270;7
149;"o4";"5";244;206;8
149;"o6";"13";244;206;9
149;"o5";"6";278;203;10
149;"o1";"14";300;270;11
149;"o4";"10";289;244;12
149;"o7";"11";278;233;13
149;"o9";"3";256;256;14
150;"o9";"12";300;270;0
150;"o7";"4";230;108;1
150;"o9";"11";300;210;2
150;"o1";"10";300;210;3
150;"o1";"1";256;256;4
150;"o7";"15";292;188;5
150;"o9";"3";256;256;6
150;"o8";"13";281;169;7
150;"o9";"8";300;270;8
150;"o2";"7";289;169;9
150;"o5";"9";225;255;10
150;"o9";"2";300;150;11
150;"o1";"14";300;270;12
150;"o3";"6";289;177;13
150;"o3";"5";262;188;14
151;"o5";"13";225;225;0
151;"o5";"8";285;285;1
151;"o4";"4";190;204;2
151;"o9";"3";256;256;3
151;"o9";"2";300;150;4
151;"o1";"14";300;270;5
151;"o9";"10";270;300;6
151;"o1";"9";300;210;7
151;"o5";"11";255;255;8
151;"o8";"12";281;274;9
151;"o9";"6";256;256;10
151;"o6";"7";244;244;11
151;"o1";"15";270;300;12
151;"o1";"1";256;256;13
151;"o5";"5";225;225;14
153;"o7";"10";278;278;0
153;"o1";"1";256;256;1
153;"o1";"14";300;270;2
153;"o4";"9";244;244;3
153;"o8";"6";262;243;4
153;"o9";"3";256;256;5
153;"o9";"12";300;270;6
153;"o5";"11";255;255;7
153;"o6";"7";244;244;8
153;"o2";"15";274;281;9
153;"o5";"13";225;225;10
153;"o9";"2";300;150;11
153;"o5";"5";225;225;12
153;"o4";"4";190;204;13
153;"o5";"8";285;285;14
154;"o5";"11";255;255;0
154;"o1";"14";300;270;1
154;"o1";"15";270;300;2
154;"o1";"1";256;256;3
154;"o5";"13";225;225;4
154;"o5";"5";225;225;5
154;"o9";"6";256;256;6
154;"o9";"8";300;270;7
154;"o1";"9";300;210;8
154;"o9";"10";270;300;9
154;"o9";"3";256;256;10
154;"o4";"4";190;204;11
154;"o9";"7";210;300;12
154;"o9";"12";300;270;13
154;"o9";"2";300;150;14
155;"o1";"15";270;300;0
155;"o9";"11";300;210;1
155;"o1";"9";300;210;2
155;"o1";"7";300;150;3
155;"o9";"3";256;256;4
155;"o1";"14";300;270;5
155;"o9";"8";300;270;6
155;"o9";"10";270;300;7
155;"o9";"4";256;44;8
155;"o9";"13";300;150;9
155;"o1";"6";300;150;10
155;"o1";"5";300;150;11
155;"o9";"2";300;150;12
155;"o9";"12";300;270;13
155;"o1";"1";256;256;14
156;"o1";"1";256;256;0
156;"o9";"8";300;270;1
156;"o9";"6";256;256;2
156;"o9";"11";300;210;3
156;"o9";"2";300;150;4
156;"o5";"7";255;225;5
156;"o7";"4";230;108;6
156;"o9";"3";256;256;7
156;"o3";"10";292;233;8
156;"o6";"15";289;206;9
156;"o7";"13";262;188;10
156;"o2";"5";281;169;11
156;"o2";"9";281;221;12
156;"o9";"12";300;270;13
156;"o2";"14";289;274;14
157;"o1";"9";300;210;0
157;"o9";"2";300;150;1
157;"o1";"14";300;270;2
157;"o1";"5";300;150;3
157;"o9";"8";300;270;4
157;"o9";"6";256;256;5
157;"o9";"11";300;210;6
157;"o9";"15";300;150;7
157;"o9";"12";300;270;8
157;"o1";"10";300;210;9
157;"o1";"7";300;150;10
157;"o1";"1";256;256;11
157;"o5";"4";203;172;12
157;"o5";"13";225;225;13
157;"o9";"3";256;256;14
158;"o1";"6";300;150;0
158;"o1";"1";256;256;1
158;"o7";"10";278;278;2
158;"o9";"13";300;150;3
158;"o1";"9";300;210;4
158;"o9";"12";300;270;5
158;"o1";"5";300;150;6
158;"o9";"8";300;270;7
158;"o9";"2";300;150;8
158;"o9";"4";256;44;9
158;"o6";"7";244;244;10
158;"o1";"15";270;300;11
158;"o1";"14";300;270;12
158;"o9";"3";256;256;13
158;"o9";"11";300;210;14
159;"o1";"10";300;210;0
159;"o9";"8";300;270;1
159;"o9";"13";300;150;2
159;"o9";"3";256;256;3
159;"o1";"5";300;150;4
159;"o9";"2";300;150;5
159;"o1";"9";300;210;6
159;"o9";"4";256;44;7
159;"o9";"12";300;270;8
159;"o1";"6";300;150;9
159;"o9";"11";300;210;10
159;"o1";"7";300;150;11
159;"o9";"15";300;150;12
159;"o1";"1";256;256;13
159;"o1";"14";300;270;14
160;"o1";"14";300;270;0
160;"o9";"13";300;150;1
160;"o1";"6";300;150;2
160;"o5";"10";285;255;3
160;"o5";"1";256;150;4
160;"o9";"11";300;210;5
160;"o9";"8";300;270;6
160;"o8";"3";243;262;7
160;"o9";"4";256;44;8
160;"o2";"5";281;169;9
160;"o2";"7";289;169;10
160;"o5";"2";278;97;11
160;"o9";"9";150;300;12
160;"o1";"12";150;300;13
160;"o9";"15";300;150;14
161;"o9";"6";256;256;0
161;"o3";"5";262;188;1
161;"o9";"2";300;150;2
161;"o8";"11";289;221;3
161;"o1";"9";300;210;4
161;"o7";"13";262;188;5
161;"o3";"15";278;262;6
161;"o9";"3";256;256;7
161;"o1";"14";300;270;8
161;"o6";"7";244;244;9
161;"o1";"1";256;256;10
161;"o7";"10";278;278;11
161;"o6";"8";289;281;12
161;"o5";"4";203;172;13
161;"o9";"12";300;270;14
162;"o9";"15";300;150;0
162;"o9";"12";300;270;1
162;"o1";"14";300;270;2
162;"o9";"2";300;150;3
162;"o1";"9";300;210;4
162;"o8";"11";289;221;5
162;"o1";"1";256;256;6
162;"o1";"6";300;150;7
162;"o1";"10";300;210;8
162;"o9";"13";300;150;9
162;"o1";"7";300;150;10
162;"o9";"8";300;270;11
162;"o9";"3";256;256;12
162;"o1";"5";300;150;13
162;"o9";"4";256;44;14
163;"o1";"7";300;150;0
163;"o9";"3";256;256;1
163;"o9";"15";300;150;2
163;"o1";"6";300;150;3
163;"o1";"5";300;150;4
163;"o1";"9";300;210;5
163;"o9";"2";300;150;6
163;"o1";"10";300;210;7
163;"o9";"4";256;44;8
163;"o1";"14";300;270;9
163;"o1";"1";256;256;10
163;"o9";"12";300;270;11
163;"o9";"8";300;270;12
163;"o9";"13";300;150;13
163;"o9";"11";300;210;14
164;"o1";"9";300;210;0
164;"o1";"10";300;210;1
164;"o9";"6";256;256;2
164;"o1";"14";300;270;3
164;"o1";"15";270;300;4
164;"o9";"3";256;256;5
164;"o1";"4";150;300;6
164;"o9";"13";300;150;7
164;"o1";"1";256;256;8
164;"o1";"5";300;150;9
164;"o5";"7";255;225;10
164;"o9";"11";300;210;11
164;"o9";"8";300;270;12
164;"o9";"12";300;270;13
164;"o9";"2";300;150;14
165;"o1";"5";300;150;0
165;"o1";"10";300;210;1
165;"o1";"14";300;270;2
165;"o1";"9";300;210;3
165;"o1";"1";256;256;4
165;"o9";"12";300;270;5
165;"o9";"13";300;150;6
165;"o7";"4";230;108;7
165;"o8";"15";296;169;8
165;"o9";"11";300;210;9
165;"o9";"3";256;256;10
165;"o9";"2";300;150;11
165;"o9";"8";300;270;12
165;"o2";"7";289;169;13
165;"o2";"6";295;163;14
166;"o5";"5";225;225;0
166;"o9";"3";256;256;1
166;"o6";"4";216;140;2
166;"o9";"2";300;150;3
166;"o1";"9";300;210;4
166;"o3";"15";278;262;5
166;"o6";"10";281;266;6
166;"o9";"12";300;270;7
166;"o5";"6";278;203;8
166;"o9";"11";300;210;9
166;"o1";"1";256;256;10
166;"o4";"7";266;206;11
166;"o9";"8";300;270;12
166;"o8";"13";281;169;13
166;"o1";"14";300;270;14
167;"o1";"6";300;150;0
167;"o9";"2";300;150;1
167;"o9";"12";300;270;2
167;"o1";"9";300;210;3
167;"o1";"10";300;210;4
167;"o9";"11";300;210;5
167;"o1";"1";256;256;6
167;"o2";"5";281;169;7
167;"o9";"3";256;256;8
167;"o1";"14";300;270;9
167;"o8";"13";281;169;10
167;"o8";"15";296;169;11
167;"o6";"8";289;281;12
167;"o5";"4";203;172;13
167;"o3";"7";278;188;14
168;"o7";"4";230;108;0
168;"o9";"2";300;150;1
168;"o1";"9";300;210;2
168;"o9";"8";300;270;3
168;"o9";"10";270;300;4
168;"o1";"14";300;270;5
168;"o9";"3";256;256;6
168;"o7";"11";278;233;7
168;"o1";"1";256;256;8
168;"o1";"15";270;300;9
168;"o7";"13";262;188;10
168;"o2";"6";295;163;11
168;"o3";"7";278;188;12
168;"o3";"5";262;188;13
168;"o9";"12";300;270;14
169;"o1";"10";300;210;0
169;"o9";"15";300;150;1
169;"o1";"7";300;150;2
169;"o1";"9";300;210;3
169;"o9";"13";300;150;4
169;"o9";"8";300;270;5
169;"o1";"5";300;150;6
169;"o9";"12";300;270;7
169;"o8";"1";256;70;8
169;"o9";"4";256;44;9
169;"o1";"6";300;150;10
169;"o9";"2";300;150;11
169;"o9";"11";300;210;12
169;"o1";"14";300;270;13
169;"o9";"3";256;256;14
170;"o9";"12";300;270;0
170;"o9";"11";300;210;1
170;"o9";"8";300;270;2
170;"o9";"4";256;44;3
170;"o9";"15";300;150;4
170;"o1";"9";300;210;5
170;"o1";"1";256;256;6
170;"o1";"7";300;150;7
170;"o1";"14";300;270;8
170;"o9";"3";256;256;9
170;"o9";"2";300;150;10
170;"o1";"10";300;210;11
170;"o1";"6";300;150;12
170;"o1";"5";300;150;13
170;"o9";"13";300;150;14
171;"o9";"2";300;150;0
171;"o9";"10";270;300;1
171;"o1";"9";300;210;2
171;"o1";"14";300;270;3
171;"o5";"13";225;225;4
171;"o1";"15";270;300;5
171;"o9";"3";256;256;6
171;"o5";"8";285;285;7
171;"o1";"1";256;256;8
171;"o9";"6";256;256;9
171;"o9";"7";210;300;10
171;"o1";"4";150;300;11
171;"o5";"5";225;225;12
171;"o5";"11";255;255;13
171;"o9";"12";300;270;14
172;"o9";"2";300;150;0
172;"o9";"8";300;270;1
172;"o6";"13";244;206;2
172;"o1";"1";256;256;3
172;"o5";"11";255;255;4
172;"o2";"15";274;281;5
172;"o8";"12";281;274;6
172;"o3";"14";278;278;7
172;"o6";"4";216;140;8
172;"o7";"10";278;278;9
172;"o4";"7";266;206;10
172;"o1";"9";300;210;11
172;"o3";"5";262;188;12
172;"o9";"3";256;256;13
172;"o5";"6";278;203;14
173;"o3";"14";278;278;0
173;"o3";"6";289;177;1
173;"o3";"9";262;233;2
173;"o3";"5";262;188;3
173;"o3";"15";278;262;4
173;"o5";"11";255;255;5
173;"o1";"1";256;256;6
173;"o7";"10";278;278;7
173;"o9";"3";256;256;8
173;"o6";"7";244;244;9
173;"o8";"12";281;274;10
173;"o5";"13";225;225;11
173;"o5";"4";203;172;12
173;"o5";"8";285;285;13
173;"o7";"2";289;123;14
174;"o5";"11";255;255;0
174;"o7";"10";278;278;1
174;"o7";"12";262;278;2
174;"o3";"15";278;262;3
174;"o5";"7";255;225;4
174;"o1";"1";256;256;5
174;"o5";"13";225;225;6
174;"o9";"3";256;256;7
174;"o5";"5";225;225;8
174;"o5";"8";285;285;9
174;"o9";"2";300;150;10
174;"o5";"4";203;172;11
174;"o4";"9";244;244;12
174;"o3";"14";278;278;13
174;"o9";"6";256;256;14
175;"o1";"1";256;256;0
175;"o5";"5";225;225;1
175;"o9";"6";256;256;2
175;"o3";"14";278;278;3
175;"o5";"8";285;285;4
175;"o5";"13";225;225;5
175;"o6";"7";244;244;6
175;"o4";"9";244;244;7
175;"o5";"4";203;172;8
175;"o8";"12";281;274;9
175;"o3";"15";278;262;10
175;"o9";"3";256;256;11
175;"o9";"2";300;150;12
175;"o7";"10";278;278;13
175;"o5";"11";255;255;14
176;"o1";"14";300;270;0
176;"o1";"9";300;210;1
176;"o9";"4";256;44;2
176;"o1";"10";300;210;3
176;"o1";"7";300;150;4
176;"o9";"11";300;210;5
176;"o9";"3";256;256;6
176;"o9";"2";300;150;7
176;"o1";"5";300;150;8
176;"o9";"13";300;150;9
176;"o9";"8";300;270;10
176;"o9";"12";300;270;11
176;"o9";"15";300;150;12
176;"o1";"6";300;150;13
176;"o1";"1";256;256;14
177;"o5";"8";285;285;0
177;"o7";"10";278;278;1
177;"o5";"11";255;255;2
177;"o8";"12";281;274;3
177;"o4";"4";190;204;4
177;"o9";"2";300;150;5
177;"o3";"14";278;278;6
177;"o6";"7";244;244;7
177;"o5";"5";225;225;8
177;"o2";"15";274;281;9
177;"o5";"13";225;225;10
177;"o1";"1";256;256;11
177;"o4";"9";244;244;12
177;"o9";"6";256;256;13
177;"o9";"3";256;256;14
178;"o9";"15";300;150;0
178;"o9";"11";300;210;1
178;"o1";"5";300;150;2
178;"o9";"3";256;256;3
178;"o1";"1";256;256;4
178;"o9";"6";256;256;5
178;"o7";"10";278;278;6
178;"o5";"13";225;225;7
178;"o1";"9";300;210;8
178;"o5";"4";203;172;9
178;"o3";"14";278;278;10
178;"o9";"8";300;270;11
178;"o4";"7";266;206;12
178;"o9";"2";300;150;13
178;"o9";"12";300;270;14
179;"o9";"15";300;150;0
179;"o1";"1";256;256;1
179;"o9";"13";300;150;2
179;"o9";"4";256;44;3
179;"o1";"9";300;210;4
179;"o9";"8";300;270;5
179;"o9";"12";300;270;6
179;"o9";"3";256;256;7
179;"o1";"14";300;270;8
179;"o1";"10";300;210;9
179;"o1";"6";300;150;10
179;"o1";"5";300;150;11
179;"o1";"7";300;150;12
179;"o9";"11";300;210;13
179;"o9";"2";300;150;14
180;"o1";"10";300;210;0
180;"o1";"14";300;270;1
180;"o9";"4";256;44;2
180;"o9";"8";300;270;3
180;"o9";"12";300;270;4
180;"o9";"3";256;256;5
180;"o1";"1";256;256;6
180;"o1";"7";300;150;7
180;"o1";"5";300;150;8
180;"o9";"13";300;150;9
180;"o9";"2";300;150;10
180;"o1";"6";300;150;11
180;"o9";"15";300;150;12
180;"o9";"11";300;210;13
180;"o1";"9";300;210;14
181;"o7";"10";278;278;0
181;"o5";"5";225;225;1
181;"o5";"11";255;255;2
181;"o3";"14";278;278;3
181;"o9";"3";256;256;4
181;"o5";"8";285;285;5
181;"o4";"4";190;204;6
181;"o1";"1";256;256;7
181;"o3";"15";278;262;8
181;"o5";"13";225;225;9
181;"o8";"12";281;274;10
181;"o9";"6";256;256;11
181;"o4";"9";244;244;12
181;"o9";"2";300;150;13
181;"o6";"7";244;244;14
182;"o9";"2";300;150;0
182;"o5";"6";278;203;1
182;"o1";"9";300;210;2
182;"o5";"13";225;225;3
182;"o1";"14";300;270;4
182;"o9";"10";270;300;5
182;"o5";"15";285;225;6
182;"o5";"11";255;255;7
182;"o9";"12";300;270;8
182;"o9";"3";256;256;9
182;"o5";"7";255;225;10
182;"o9";"8";300;270;11
182;"o5";"5";225;225;12
182;"o5";"4";203;172;13
182;"o1";"1";256;256;14
183;"o1";"5";300;150;0
183;"o1";"1";256;256;1
183;"o1";"10";300;210;2
183;"o9";"4";256;44;3
183;"o1";"14";300;270;4
183;"o1";"6";300;150;5
183;"o9";"2";300;150;6
183;"o9";"8";300;270;7
183;"o9";"12";300;270;8
183;"o9";"11";300;210;9
183;"o1";"7";300;150;10
183;"o9";"15";300;150;11
183;"o9";"13";300;150;12
183;"o9";"3";256;256;13
183;"o1";"9";300;210;14
184;"o1";"5";300;150;0
184;"o1";"14";300;270;1
184;"o9";"2";300;150;2
184;"o9";"3";256;256;3
184;"o1";"6";300;150;4
184;"o1";"9";300;210;5
184;"o9";"15";300;150;6
184;"o9";"12";300;270;7
184;"o9";"4";256;44;8
184;"o1";"7";300;150;9
184;"o9";"13";300;150;10
184;"o9";"11";300;210;11
184;"o1";"10";300;210;12
184;"o9";"8";300;270;13
184;"o1";"1";256;256;14
185;"o1";"14";300;270;0
185;"o2";"9";281;221;1
185;"o6";"8";289;281;2
185;"o9";"12";300;270;3
185;"o5";"4";203;172;4
185;"o1";"15";270;300;5
185;"o5";"13";225;225;6
185;"o4";"6";284;190;7
185;"o9";"3";256;256;8
185;"o1";"1";256;256;9
185;"o4";"7";266;206;10
185;"o4";"5";244;206;11
185;"o5";"10";285;255;12
185;"o8";"11";289;221;13
185;"o8";"2";295;137;14
186;"o1";"6";300;150;0
186;"o9";"11";300;210;1
186;"o1";"7";300;150;2
186;"o9";"8";300;270;3
186;"o9";"2";300;150;4
186;"o1";"5";300;150;5
186;"o1";"9";300;210;6
186;"o1";"1";256;256;7
186;"o1";"10";300;210;8
186;"o9";"12";300;270;9
186;"o9";"4";256;44;10
186;"o1";"14";300;270;11
186;"o9";"3";256;256;12
186;"o9";"13";300;150;13
186;"o9";"15";300;150;14
187;"o6";"4";216;140;0
187;"o5";"8";285;285;1
187;"o7";"12";262;278;2
187;"o9";"6";256;256;3
187;"o3";"14";278;278;4
187;"o8";"3";243;262;5
187;"o9";"2";300;150;6
187;"o5";"13";225;225;7
187;"o1";"1";256;256;8
187;"o6";"7";244;244;9
187;"o7";"10";278;278;10
187;"o5";"9";225;255;11
187;"o5";"5";225;225;12
187;"o5";"11";255;255;13
187;"o2";"15";274;281;14
188;"o1";"14";300;270;0
188;"o7";"4";230;108;1
188;"o3";"7";278;188;2
188;"o2";"5";281;169;3
188;"o9";"11";300;210;4
188;"o1";"1";256;256;5
188;"o3";"6";289;177;6
188;"o4";"10";289;244;7
188;"o9";"12";300;270;8
188;"o9";"8";300;270;9
188;"o5";"15";285;225;10
188;"o1";"9";300;210;11
188;"o6";"13";244;206;12
188;"o9";"3";256;256;13
188;"o9";"2";300;150;14
189;"o9";"3";256;256;0
189;"o9";"6";256;256;1
189;"o9";"15";300;150;2
189;"o9";"8";300;270;3
189;"o5";"4";203;172;4
189;"o9";"10";270;300;5
189;"o9";"12";300;270;6
189;"o7";"9";188;278;7
189;"o5";"5";225;225;8
189;"o5";"13";225;225;9
189;"o5";"14";255;285;10
189;"o5";"11";255;255;11
189;"o9";"2";300;150;12
189;"o1";"1";256;256;13
189;"o6";"7";244;244;14
190;"o9";"2";300;150;0
190;"o3";"14";278;278;1
190;"o4";"4";190;204;2
190;"o6";"7";244;244;3
190;"o5";"11";255;255;4
190;"o1";"15";270;300;5
190;"o7";"10";278;278;6
190;"o4";"9";244;244;7
190;"o5";"8";285;285;8
190;"o8";"12";281;274;9
190;"o9";"3";256;256;10
190;"o5";"13";225;225;11
190;"o9";"6";256;256;12
190;"o5";"5";225;225;13
190;"o1";"1";256;256;14
191;"o7";"4";230;108;0
191;"o7";"6";267;230;1
191;"o4";"9";244;244;2
191;"o5";"11";255;255;3
191;"o9";"2";300;150;4
191;"o3";"14";278;278;5
191;"o9";"3";256;256;6
191;"o1";"1";256;256;7
191;"o8";"13";281;169;8
191;"o5";"5";225;225;9
191;"o9";"15";300;150;10
191;"o1";"10";300;210;11
191;"o6";"7";244;244;12
191;"o9";"12";300;270;13
191;"o9";"8";300;270;14
192;"o7";"4";230;108;0
192;"o7";"6";267;230;1
192;"o4";"9";244;244;2
192;"o5";"11";255;255;3
192;"o9";"2";300;150;4
192;"o3";"14";278;278;5
192;"o9";"3";256;256;6
192;"o1";"1";256;256;7
192;"o8";"13";281;169;8
192;"o5";"5";225;225;9
192;"o9";"15";300;150;10
192;"o1";"10";300;210;11
192;"o6";"7";244;244;12
192;"o9";"12";300;270;13
192;"o9";"8";300;270;14
193;"o9";"13";300;150;0
193;"o1";"5";300;150;1
193;"o1";"9";300;210;2
193;"o9";"11";300;210;3
193;"o1";"6";300;150;4
193;"o9";"1";256;44;5
193;"o9";"2";300;150;6
193;"o9";"3";256;256;7
193;"o1";"14";300;270;8
193;"o9";"12";300;270;9
193;"o1";"10";300;210;10
193;"o9";"15";300;150;11
193;"o9";"4";256;44;12
193;"o1";"7";300;150;13
193;"o9";"8";300;270;14
194;"o2";"6";295;163;0
194;"o9";"3";256;256;1
194;"o2";"14";289;274;2
194;"o8";"12";281;274;3
194;"o9";"13";300;150;4
194;"o1";"10";300;210;5
194;"o9";"15";300;150;6
194;"o9";"2";300;150;7
194;"o9";"11";300;210;8
194;"o9";"8";300;270;9
194;"o1";"4";150;300;10
194;"o1";"9";300;210;11
194;"o1";"7";300;150;12
194;"o1";"1";256;256;13
194;"o2";"5";281;169;14
195;"o5";"4";203;172;0
195;"o9";"12";300;270;1
195;"o5";"11";255;255;2
195;"o1";"1";256;256;3
195;"o5";"13";225;225;4
195;"o1";"15";270;300;5
195;"o6";"10";281;266;6
195;"o9";"8";300;270;7
195;"o9";"3";256;256;8
195;"o4";"9";244;244;9
195;"o5";"5";225;225;10
195;"o9";"6";256;256;11
195;"o3";"14";278;278;12
195;"o7";"7";233;262;13
195;"o9";"2";300;150;14
196;"o5";"5";225;225;0
196;"o5";"10";285;255;1
196;"o3";"14";278;278;2
196;"o1";"1";256;256;3
196;"o5";"4";203;172;4
196;"o2";"15";274;281;5
196;"o5";"11";255;255;6
196;"o9";"2";300;150;7
196;"o5";"13";225;225;8
196;"o2";"9";281;221;9
196;"o5";"8";285;285;10
196;"o9";"3";256;256;11
196;"o9";"6";256;256;12
196;"o5";"7";255;225;13
196;"o9";"12";300;270;14
197;"o1";"5";300;150;0
197;"o1";"14";300;270;1
197;"o1";"6";300;150;2
197;"o9";"2";300;150;3
197;"o9";"15";300;150;4
197;"o1";"9";300;210;5
197;"o9";"4";256;44;6
197;"o1";"10";300;210;7
197;"o1";"1";256;256;8
197;"o9";"13";300;150;9
197;"o9";"12";300;270;10
197;"o9";"8";300;270;11
197;"o9";"11";300;210;12
197;"o9";"3";256;256;13
197;"o1";"7";300;150;14
198;"o9";"2";300;150;0
198;"o1";"9";300;210;1
198;"o7";"15";292;188;2
198;"o1";"14";300;270;3
198;"o9";"8";300;270;4
198;"o8";"11";289;221;5
198;"o9";"4";256;44;6
198;"o9";"12";300;270;7
198;"o1";"1";256;256;8
198;"o1";"5";300;150;9
198;"o9";"13";300;150;10
198;"o2";"7";289;169;11
198;"o4";"10";289;244;12
198;"o1";"6";300;150;13
198;"o9";"3";256;256;14
199;"o9";"12";300;270;0
199;"o1";"9";300;210;1
199;"o9";"11";300;210;2
199;"o9";"4";256;44;3
199;"o1";"6";300;150;4
199;"o1";"5";300;150;5
199;"o1";"7";300;150;6
199;"o1";"14";300;270;7
199;"o9";"2";300;150;8
199;"o9";"13";300;150;9
199;"o9";"3";256;256;10
199;"o1";"10";300;210;11
199;"o9";"8";300;270;12
199;"o9";"15";300;150;13
199;"o1";"1";256;256;14
200;"o1";"6";300;150;0
200;"o5";"5";225;225;1
200;"o5";"13";225;225;2
200;"o3";"9";262;233;3
200;"o6";"11";266;244;4
200;"o2";"1";256;230;5
200;"o5";"4";203;172;6
200;"o5";"7";255;225;7
200;"o8";"12";281;274;8
200;"o9";"2";300;150;9
200;"o2";"10";296;221;10
200;"o5";"15";285;225;11
200;"o9";"3";256;256;12
200;"o3";"14";278;278;13
200;"o7";"8";292;278;14
201;"o9";"6";256;256;0
201;"o4";"9";244;244;1
201;"o3";"14";278;278;2
201;"o9";"3";256;256;3
201;"o7";"10";278;278;4
201;"o6";"7";244;244;5
201;"o9";"2";300;150;6
201;"o3";"15";278;262;7
201;"o5";"13";225;225;8
201;"o5";"5";225;225;9
201;"o8";"12";281;274;10
201;"o1";"1";256;256;11
201;"o5";"11";255;255;12
201;"o5";"8";285;285;13
201;"o5";"4";203;172;14
202;"o9";"3";256;256;0
202;"o9";"8";300;270;1
202;"o9";"2";300;150;2
202;"o1";"1";256;256;3
202;"o9";"12";300;270;4
202;"o6";"7";244;244;5
202;"o1";"14";300;270;6
202;"o6";"13";244;206;7
202;"o5";"15";285;225;8
202;"o9";"6";256;256;9
202;"o9";"11";300;210;10
202;"o6";"10";281;266;11
202;"o1";"9";300;210;12
202;"o2";"5";281;169;13
202;"o5";"4";203;172;14
203;"o1";"10";300;210;0
203;"o9";"2";300;150;1
203;"o9";"15";300;150;2
203;"o1";"6";300;150;3
203;"o9";"4";256;44;4
203;"o9";"11";300;210;5
203;"o1";"9";300;210;6
203;"o1";"7";300;150;7
203;"o9";"12";300;270;8
203;"o1";"1";256;256;9
203;"o9";"8";300;270;10
203;"o9";"3";256;256;11
203;"o1";"5";300;150;12
203;"o1";"14";300;270;13
203;"o9";"13";300;150;14
204;"o9";"12";300;270;0
204;"o9";"11";300;210;1
204;"o1";"1";256;256;2
204;"o9";"3";256;256;3
204;"o9";"2";300;150;4
204;"o9";"13";300;150;5
204;"o1";"7";300;150;6
204;"o9";"4";256;44;7
204;"o1";"6";300;150;8
204;"o1";"9";300;210;9
204;"o1";"14";300;270;10
204;"o9";"8";300;270;11
204;"o1";"5";300;150;12
204;"o9";"10";270;300;13
204;"o1";"15";270;300;14
205;"o1";"5";300;150;0
205;"o9";"12";300;270;1
205;"o1";"6";300;150;2
205;"o9";"8";300;270;3
205;"o9";"15";300;150;4
205;"o1";"9";300;210;5
205;"o1";"10";300;210;6
205;"o9";"13";300;150;7
205;"o9";"2";300;150;8
205;"o1";"7";300;150;9
205;"o1";"14";300;270;10
205;"o9";"3";256;256;11
205;"o1";"1";256;256;12
205;"o9";"11";300;210;13
205;"o9";"4";256;44;14
206;"o9";"3";256;256;0
206;"o1";"15";270;300;1
206;"o1";"5";300;150;2
206;"o5";"4";203;172;3
206;"o9";"8";300;270;4
206;"o5";"10";285;255;5
206;"o8";"11";289;221;6
206;"o1";"1";256;256;7
206;"o4";"6";284;190;8
206;"o1";"9";300;210;9
206;"o9";"12";300;270;10
206;"o9";"13";300;150;11
206;"o1";"7";300;150;12
206;"o1";"14";300;270;13
206;"o9";"2";300;150;14
207;"o3";"10";292;233;0
207;"o9";"11";300;210;1
207;"o9";"8";300;270;2
207;"o9";"3";256;256;3
207;"o1";"1";256;256;4
207;"o7";"4";230;108;5
207;"o1";"15";270;300;6
207;"o9";"13";300;150;7
207;"o1";"14";300;270;8
207;"o9";"12";300;270;9
207;"o3";"7";278;188;10
207;"o1";"9";300;210;11
207;"o3";"6";289;177;12
207;"o8";"2";295;137;13
207;"o1";"5";300;150;14
208;"o9";"11";300;210;0
208;"o2";"7";289;169;1
208;"o1";"14";300;270;2
208;"o2";"5";281;169;3
208;"o9";"3";256;256;4
208;"o6";"15";289;206;5
208;"o3";"6";289;177;6
208;"o9";"8";300;270;7
208;"o9";"2";300;150;8
208;"o1";"9";300;210;9
208;"o1";"1";256;256;10
208;"o4";"10";289;244;11
208;"o7";"4";230;108;12
208;"o9";"12";300;270;13
208;"o9";"13";300;150;14
209;"o9";"6";256;256;0
209;"o1";"9";300;210;1
209;"o4";"4";190;204;2
209;"o9";"11";300;210;3
209;"o8";"7";221;281;4
209;"o1";"1";256;256;5
209;"o7";"13";262;188;6
209;"o4";"5";244;206;7
209;"o9";"12";300;270;8
209;"o9";"3";256;256;9
209;"o9";"10";270;300;10
209;"o9";"8";300;270;11
209;"o9";"2";300;150;12
209;"o1";"15";270;300;13
209;"o1";"14";300;270;14
210;"o4";"9";244;244;0
210;"o3";"15";278;262;1
210;"o6";"7";244;244;2
210;"o9";"3";256;256;3
210;"o8";"4";243;76;4
210;"o5";"8";285;285;5
210;"o9";"12";300;270;6
210;"o1";"1";256;256;7
210;"o5";"13";225;225;8
210;"o1";"14";300;270;9
210;"o9";"11";300;210;10
210;"o9";"6";256;256;11
210;"o1";"5";300;150;12
210;"o5";"10";285;255;13
210;"o9";"2";300;150;14
211;"o7";"12";262;278;0
211;"o7";"13";262;188;1
211;"o9";"6";256;256;2
211;"o3";"14";278;278;3
211;"o1";"1";256;256;4
211;"o5";"11";255;255;5
211;"o9";"2";300;150;6
211;"o7";"10";278;278;7
211;"o2";"15";274;281;8
211;"o9";"3";256;256;9
211;"o4";"9";244;244;10
211;"o5";"5";225;225;11
211;"o6";"7";244;244;12
211;"o5";"8";285;285;13
211;"o5";"4";203;172;14
212;"o1";"14";300;270;0
212;"o9";"15";300;150;1
212;"o9";"12";300;270;2
212;"o1";"7";300;150;3
212;"o1";"9";300;210;4
212;"o1";"10";300;210;5
212;"o9";"4";256;44;6
212;"o9";"11";300;210;7
212;"o9";"13";300;150;8
212;"o1";"5";300;150;9
212;"o1";"1";256;256;10
212;"o9";"8";300;270;11
212;"o9";"2";300;150;12
212;"o9";"3";256;256;13
212;"o1";"6";300;150;14
213;"o1";"1";256;256;0
213;"o1";"7";300;150;1
213;"o9";"11";300;210;2
213;"o9";"8";300;270;3
213;"o1";"14";300;270;4
213;"o5";"4";203;172;5
213;"o1";"9";300;210;6
213;"o1";"6";300;150;7
213;"o9";"2";300;150;8
213;"o1";"10";300;210;9
213;"o9";"3";256;256;10
213;"o1";"5";300;150;11
213;"o9";"13";300;150;12
213;"o9";"12";300;270;13
213;"o9";"15";300;150;14
214;"o2";"15";274;281;0
214;"o4";"4";190;204;1
214;"o3";"14";278;278;2
214;"o6";"7";244;244;3
214;"o9";"6";256;256;4
214;"o5";"5";225;225;5
214;"o5";"13";225;225;6
214;"o5";"11";255;255;7
214;"o1";"1";256;256;8
214;"o8";"12";281;274;9
214;"o9";"3";256;256;10
214;"o9";"2";300;150;11
214;"o5";"8";285;285;12
214;"o7";"10";278;278;13
214;"o4";"9";244;244;14
215;"o1";"1";256;256;0
215;"o1";"7";300;150;1
215;"o9";"11";300;210;2
215;"o9";"8";300;270;3
215;"o1";"14";300;270;4
215;"o5";"4";203;172;5
215;"o1";"9";300;210;6
215;"o1";"6";300;150;7
215;"o9";"2";300;150;8
215;"o1";"10";300;210;9
215;"o9";"3";256;256;10
215;"o1";"5";300;150;11
215;"o9";"13";300;150;12
215;"o9";"12";300;270;13
215;"o9";"15";300;150;14
216;"o9";"2";300;150;0
216;"o9";"6";256;256;1
216;"o5";"4";203;172;2
216;"o1";"15";270;300;3
216;"o1";"1";256;256;4
216;"o1";"14";300;270;5
216;"o9";"3";256;256;6
216;"o9";"12";300;270;7
216;"o1";"9";300;210;8
216;"o5";"13";225;225;9
216;"o7";"10";278;278;10
216;"o6";"7";244;244;11
216;"o9";"11";300;210;12
216;"o9";"8";300;270;13
216;"o5";"5";225;225;14
217;"o8";"4";243;76;0
217;"o1";"5";300;150;1
217;"o8";"13";281;169;2
217;"o9";"8";300;270;3
217;"o9";"15";300;150;4
217;"o1";"14";300;270;5
217;"o1";"6";300;150;6
217;"o1";"10";300;210;7
217;"o8";"11";289;221;8
217;"o1";"9";300;210;9
217;"o9";"3";256;256;10
217;"o9";"2";300;150;11
217;"o1";"7";300;150;12
217;"o1";"1";256;256;13
217;"o9";"12";300;270;14
218;"o1";"1";256;256;0
218;"o2";"14";289;274;1
218;"o5";"13";225;225;2
218;"o5";"8";285;285;3
218;"o4";"9";244;244;4
218;"o6";"7";244;244;5
218;"o8";"2";295;137;6
218;"o5";"5";225;225;7
218;"o5";"4";203;172;8
218;"o8";"12";281;274;9
218;"o3";"15";278;262;10
218;"o9";"3";256;256;11
218;"o5";"11";255;255;12
218;"o9";"6";256;256;13
218;"o7";"10";278;278;14
219;"o5";"8";285;285;0
219;"o3";"15";278;262;1
219;"o6";"7";244;244;2
219;"o5";"11";255;255;3
219;"o7";"10";278;278;4
219;"o5";"13";225;225;5
219;"o9";"3";256;256;6
219;"o8";"2";295;137;7
219;"o3";"14";278;278;8
219;"o7";"12";262;278;9
219;"o4";"9";244;244;10
219;"o1";"1";256;256;11
219;"o9";"6";256;256;12
219;"o5";"5";225;225;13
219;"o4";"4";190;204;14
220;"o4";"9";244;244;0
220;"o6";"7";244;244;1
220;"o3";"14";278;278;2
220;"o3";"15";278;262;3
220;"o5";"4";203;172;4
220;"o9";"12";300;270;5
220;"o5";"5";225;225;6
220;"o9";"2";300;150;7
220;"o9";"3";256;256;8
220;"o9";"8";300;270;9
220;"o9";"6";256;256;10
220;"o5";"13";225;225;11
220;"o6";"11";266;244;12
220;"o7";"10";278;278;13
220;"o1";"1";256;256;14
221;"o9";"12";300;270;0
221;"o1";"9";300;210;1
221;"o1";"1";256;256;2
221;"o9";"15";300;150;3
221;"o1";"5";300;150;4
221;"o1";"6";300;150;5
221;"o1";"7";300;150;6
221;"o1";"14";300;270;7
221;"o9";"2";300;150;8
221;"o9";"13";300;150;9
221;"o9";"3";256;256;10
221;"o1";"10";300;210;11
221;"o9";"4";256;44;12
221;"o9";"8";300;270;13
221;"o9";"11";300;210;14
222;"o5";"13";225;225;0
222;"o3";"11";233;278;1
222;"o9";"6";256;256;2
222;"o1";"4";150;300;3
222;"o4";"9";244;244;4
222;"o1";"14";300;270;5
222;"o5";"5";225;225;6
222;"o1";"15";270;300;7
222;"o9";"3";256;256;8
222;"o9";"2";300;150;9
222;"o9";"10";270;300;10
222;"o1";"1";256;256;11
222;"o9";"12";300;270;12
222;"o9";"7";210;300;13
222;"o1";"8";270;300;14
223;"o5";"5";225;225;0
223;"o2";"15";274;281;1
223;"o5";"13";225;225;2
223;"o5";"11";255;255;3
223;"o5";"8";285;285;4
223;"o1";"1";256;256;5
223;"o4";"4";190;204;6
223;"o8";"12";281;274;7
223;"o9";"3";256;256;8
223;"o6";"7";244;244;9
223;"o4";"9";244;244;10
223;"o7";"10";278;278;11
223;"o9";"6";256;256;12
223;"o3";"14";278;278;13
223;"o9";"2";300;150;14
224;"o7";"10";278;278;0
224;"o6";"11";266;244;1
224;"o1";"1";256;256;2
224;"o7";"6";267;230;3
224;"o6";"13";244;206;4
224;"o9";"3";256;256;5
224;"o5";"15";285;225;6
224;"o5";"8";285;285;7
224;"o5";"4";203;172;8
224;"o2";"5";281;169;9
224;"o9";"12";300;270;10
224;"o4";"9";244;244;11
224;"o2";"14";289;274;12
224;"o6";"7";244;244;13
224;"o9";"2";300;150;14
225;"o9";"12";300;270;0
225;"o9";"8";300;270;1
225;"o1";"9";300;210;2
225;"o9";"13";300;150;3
225;"o1";"7";300;150;4
225;"o1";"14";300;270;5
225;"o1";"1";256;256;6
225;"o9";"2";300;150;7
225;"o1";"6";300;150;8
225;"o9";"3";256;256;9
225;"o9";"15";300;150;10
225;"o9";"11";300;210;11
225;"o9";"4";256;44;12
225;"o1";"10";300;210;13
225;"o1";"5";300;150;14
226;"o5";"5";225;225;0
226;"o3";"14";278;278;1
226;"o3";"15";278;262;2
226;"o6";"7";244;244;3
226;"o9";"2";300;150;4
226;"o9";"6";256;256;5
226;"o5";"8";285;285;6
226;"o4";"9";244;244;7
226;"o1";"1";256;256;8
226;"o5";"13";225;225;9
226;"o5";"11";255;255;10
226;"o7";"10";278;278;11
226;"o8";"12";281;274;12
226;"o5";"4";203;172;13
226;"o9";"3";256;256;14
228;"o5";"13";225;225;0
228;"o5";"8";285;285;1
228;"o9";"3";256;256;2
228;"o4";"7";266;206;3
228;"o6";"15";289;206;4
228;"o4";"12";206;289;5
228;"o5";"10";285;255;6
228;"o1";"1";256;256;7
228;"o5";"6";278;203;8
228;"o5";"5";225;225;9
228;"o6";"14";244;289;10
228;"o8";"2";295;137;11
228;"o9";"9";150;300;12
228;"o8";"11";289;221;13
228;"o4";"4";190;204;14
229;"o9";"12";300;270;0
229;"o1";"9";300;210;1
229;"o9";"13";300;150;2
229;"o9";"11";300;210;3
229;"o9";"8";300;270;4
229;"o1";"1";256;256;5
229;"o5";"5";225;225;6
229;"o9";"3";256;256;7
229;"o9";"2";300;150;8
229;"o5";"15";285;225;9
229;"o9";"10";270;300;10
229;"o1";"14";300;270;11
229;"o5";"7";255;225;12
229;"o9";"6";256;256;13
229;"o1";"4";150;300;14
230;"o9";"15";300;150;0
230;"o9";"11";300;210;1
230;"o1";"14";300;270;2
230;"o9";"4";256;44;3
230;"o1";"6";300;150;4
230;"o1";"1";256;256;5
230;"o1";"5";300;150;6
230;"o9";"2";300;150;7
230;"o1";"10";300;210;8
230;"o9";"3";256;256;9
230;"o1";"7";300;150;10
230;"o9";"13";300;150;11
230;"o1";"9";300;210;12
230;"o9";"8";300;270;13
230;"o9";"12";300;270;14
231;"o1";"8";270;300;0
231;"o1";"1";256;256;1
231;"o1";"15";270;300;2
231;"o4";"9";244;244;3
231;"o6";"14";244;289;4
231;"o9";"6";256;256;5
231;"o9";"2";300;150;6
231;"o4";"11";244;266;7
231;"o2";"10";296;221;8
231;"o2";"13";169;281;9
231;"o7";"5";188;262;10
231;"o1";"4";150;300;11
231;"o1";"3";150;300;12
231;"o2";"12";169;296;13
231;"o5";"7";255;225;14
232;"o6";"7";244;244;0
232;"o5";"13";225;225;1
232;"o9";"2";300;150;2
232;"o1";"1";256;256;3
232;"o5";"5";225;225;4
232;"o3";"15";278;262;5
232;"o4";"4";190;204;6
232;"o9";"6";256;256;7
232;"o3";"14";278;278;8
232;"o9";"3";256;256;9
232;"o5";"11";255;255;10
232;"o5";"8";285;285;11
232;"o4";"9";244;244;12
232;"o7";"10";278;278;13
232;"o8";"12";281;274;14
233;"o1";"10";300;210;0
233;"o8";"4";243;76;1
233;"o9";"12";300;270;2
233;"o9";"8";300;270;3
233;"o8";"2";295;137;4
233;"o1";"14";300;270;5
233;"o2";"6";295;163;6
233;"o1";"9";300;210;7
233;"o8";"11";289;221;8
233;"o2";"7";289;169;9
233;"o8";"13";281;169;10
233;"o8";"15";296;169;11
233;"o9";"3";256;256;12
233;"o1";"1";256;256;13
233;"o2";"5";281;169;14
234;"o9";"2";300;150;0
234;"o5";"4";203;172;1
234;"o1";"1";256;256;2
234;"o3";"14";278;278;3
234;"o6";"7";244;244;4
234;"o9";"6";256;256;5
234;"o7";"10";278;278;6
234;"o5";"8";285;285;7
234;"o2";"15";274;281;8
234;"o8";"12";281;274;9
234;"o9";"3";256;256;10
234;"o5";"13";225;225;11
234;"o4";"9";244;244;12
234;"o5";"11";255;255;13
234;"o5";"5";225;225;14
235;"o9";"2";300;150;0
235;"o9";"12";300;270;1
235;"o5";"4";203;172;2
235;"o5";"10";285;255;3
235;"o9";"8";300;270;4
235;"o3";"5";262;188;5
235;"o6";"6";273;216;6
235;"o6";"13";244;206;7
235;"o5";"15";285;225;8
235;"o1";"1";256;256;9
235;"o9";"3";256;256;10
235;"o3";"9";262;233;11
235;"o1";"14";300;270;12
235;"o7";"11";278;233;13
235;"o4";"7";266;206;14
236;"o1";"10";300;210;0
236;"o2";"7";289;169;1
236;"o8";"13";281;169;2
236;"o2";"6";295;163;3
236;"o1";"1";256;256;4
236;"o1";"9";300;210;5
236;"o7";"4";230;108;6
236;"o1";"14";300;270;7
236;"o9";"11";300;210;8
236;"o9";"3";256;256;9
236;"o7";"15";292;188;10
236;"o9";"12";300;270;11
236;"o9";"2";300;150;12
236;"o2";"5";281;169;13
236;"o9";"8";300;270;14
237;"o1";"1";256;256;0
237;"o1";"7";300;150;1
237;"o9";"4";256;44;2
237;"o1";"14";300;270;3
237;"o2";"6";295;163;4
237;"o9";"2";300;150;5
237;"o9";"13";300;150;6
237;"o9";"8";300;270;7
237;"o9";"11";300;210;8
237;"o9";"12";300;270;9
237;"o6";"15";289;206;10
237;"o1";"9";300;210;11
237;"o4";"10";289;244;12
237;"o9";"3";256;256;13
237;"o1";"5";300;150;14
238;"o9";"6";256;256;0
238;"o5";"4";203;172;1
238;"o6";"7";244;244;2
238;"o9";"2";300;150;3
238;"o5";"5";225;225;4
238;"o5";"13";225;225;5
238;"o2";"15";274;281;6
238;"o1";"1";256;256;7
238;"o9";"3";256;256;8
238;"o5";"8";285;285;9
238;"o7";"10";278;278;10
238;"o8";"12";281;274;11
238;"o3";"14";278;278;12
238;"o5";"11";255;255;13
238;"o4";"9";244;244;14
239;"o1";"1";256;256;0
239;"o8";"2";295;137;1
239;"o4";"9";244;244;2
239;"o5";"6";278;203;3
239;"o7";"10";278;278;4
239;"o3";"15";278;262;5
239;"o1";"11";210;300;6
239;"o4";"4";190;204;7
239;"o9";"7";210;300;8
239;"o1";"14";300;270;9
239;"o5";"5";225;225;10
239;"o5";"13";225;225;11
239;"o9";"12";300;270;12
239;"o9";"3";256;256;13
239;"o9";"8";300;270;14
240;"o3";"14";278;278;0
240;"o5";"4";203;172;1
240;"o9";"2";300;150;2
240;"o5";"13";225;225;3
240;"o6";"7";244;244;4
240;"o9";"6";256;256;5
240;"o7";"10";278;278;6
240;"o4";"9";244;244;7
240;"o3";"15";278;262;8
240;"o5";"8";285;285;9
240;"o5";"11";255;255;10
240;"o8";"12";281;274;11
240;"o9";"3";256;256;12
240;"o5";"5";225;225;13
240;"o1";"1";256;256;14
241;"o4";"6";284;190;0
241;"o9";"12";300;270;1
241;"o9";"3";256;256;2
241;"o7";"10";278;278;3
241;"o5";"11";255;255;4
241;"o8";"2";295;137;5
241;"o4";"7";266;206;6
241;"o4";"4";190;204;7
241;"o5";"5";225;225;8
241;"o3";"1";256;203;9
241;"o6";"15";289;206;10
241;"o4";"9";244;244;11
241;"o5";"13";225;225;12
241;"o5";"8";285;285;13
241;"o4";"14";266;281;14
242;"o1";"9";300;210;0
242;"o1";"14";300;270;1
242;"o9";"3";256;256;2
242;"o9";"13";300;150;3
242;"o1";"15";270;300;4
242;"o9";"11";300;210;5
242;"o1";"5";300;150;6
242;"o9";"8";300;270;7
242;"o9";"12";300;270;8
242;"o5";"6";278;203;9
242;"o5";"4";203;172;10
242;"o9";"2";300;150;11
242;"o1";"1";256;256;12
242;"o4";"7";266;206;13
242;"o9";"10";270;300;14
243;"o5";"5";225;225;0
243;"o5";"4";203;172;1
243;"o4";"9";244;244;2
243;"o1";"1";256;256;3
243;"o9";"6";256;256;4
243;"o5";"13";225;225;5
243;"o7";"10";278;278;6
243;"o9";"3";256;256;7
243;"o3";"15";278;262;8
243;"o9";"2";300;150;9
243;"o1";"14";300;270;10
243;"o5";"11";255;255;11
243;"o5";"8";285;285;12
243;"o8";"12";281;274;13
243;"o6";"7";244;244;14
244;"o1";"10";300;210;0
244;"o1";"6";300;150;1
244;"o1";"7";300;150;2
244;"o9";"12";300;270;3
244;"o9";"4";256;44;4
244;"o1";"1";256;256;5
244;"o9";"8";300;270;6
244;"o9";"11";300;210;7
244;"o1";"14";300;270;8
244;"o9";"2";300;150;9
244;"o1";"5";300;150;10
244;"o9";"3";256;256;11
244;"o9";"13";300;150;12
244;"o9";"15";300;150;13
244;"o1";"9";300;210;14
245;"o1";"5";300;150;0
245;"o9";"2";300;150;1
245;"o1";"7";300;150;2
245;"o9";"8";300;270;3
245;"o9";"3";256;256;4
245;"o1";"14";300;270;5
245;"o1";"10";300;210;6
245;"o9";"13";300;150;7
245;"o9";"12";300;270;8
245;"o1";"1";256;256;9
245;"o1";"6";300;150;10
245;"o1";"9";300;210;11
245;"o9";"4";256;44;12
245;"o9";"11";300;210;13
245;"o9";"15";300;150;14
246;"o2";"5";281;169;0
246;"o3";"9";262;233;1
246;"o6";"15";289;206;2
246;"o8";"4";243;76;3
246;"o1";"14";300;270;4
246;"o3";"7";278;188;5
246;"o9";"8";300;270;6
246;"o4";"10";289;244;7
246;"o4";"6";284;190;8
246;"o7";"13";262;188;9
246;"o9";"2";300;150;10
246;"o9";"3";256;256;11
246;"o8";"11";289;221;12
246;"o1";"1";256;256;13
246;"o9";"12";300;270;14
247;"o1";"5";300;150;0
247;"o1";"7";300;150;1
247;"o6";"2";284;110;2
247;"o9";"4";256;44;3
247;"o9";"13";300;150;4
247;"o5";"6";278;203;5
247;"o4";"8";281;289;6
247;"o6";"15";289;206;7
247;"o1";"9";300;210;8
247;"o8";"1";256;70;9
247;"o9";"3";256;256;10
247;"o9";"10";270;300;11
247;"o9";"12";300;270;12
247;"o9";"11";300;210;13
247;"o2";"14";289;274;14
248;"o1";"10";300;210;0
248;"o1";"14";300;270;1
248;"o1";"7";300;150;2
248;"o8";"2";295;137;3
248;"o1";"9";300;210;4
248;"o1";"5";300;150;5
248;"o5";"4";203;172;6
248;"o5";"1";256;150;7
248;"o6";"8";289;281;8
248;"o8";"12";281;274;9
248;"o1";"6";300;150;10
248;"o9";"3";256;256;11
248;"o9";"15";300;150;12
248;"o9";"13";300;150;13
248;"o9";"11";300;210;14
249;"o9";"3";256;256;0
249;"o3";"15";278;262;1
249;"o4";"9";244;244;2
249;"o4";"4";190;204;3
249;"o5";"8";285;285;4
249;"o7";"10";278;278;5
249;"o1";"1";256;256;6
249;"o8";"12";281;274;7
249;"o3";"14";278;278;8
249;"o9";"2";300;150;9
249;"o5";"13";225;225;10
249;"o9";"6";256;256;11
249;"o5";"5";225;225;12
249;"o5";"11";255;255;13
249;"o6";"7";244;244;14
250;"o9";"6";256;256;0
250;"o9";"3";256;256;1
250;"o8";"12";281;274;2
250;"o9";"2";300;150;3
250;"o2";"15";274;281;4
250;"o1";"1";256;256;5
250;"o1";"14";300;270;6
250;"o6";"8";289;281;7
250;"o7";"10";278;278;8
250;"o6";"13";244;206;9
250;"o5";"11";255;255;10
250;"o5";"4";203;172;11
250;"o5";"5";225;225;12
250;"o6";"7";244;244;13
250;"o5";"9";225;255;14
251;"o9";"3";256;256;0
251;"o9";"11";300;210;1
251;"o9";"15";300;150;2
251;"o9";"4";256;44;3
251;"o1";"10";300;210;4
251;"o1";"14";300;270;5
251;"o1";"9";300;210;6
251;"o9";"8";300;270;7
251;"o9";"12";300;270;8
251;"o9";"2";300;150;9
251;"o1";"7";300;150;10
251;"o1";"1";256;256;11
251;"o1";"6";300;150;12
251;"o9";"13";300;150;13
251;"o1";"5";300;150;14
252;"o6";"1";256;123;0
252;"o6";"4";216;140;1
252;"o6";"7";244;244;2
252;"o6";"12";244;281;3
252;"o3";"5";262;188;4
252;"o9";"3";256;256;5
252;"o8";"8";296;274;6
252;"o9";"2";300;150;7
252;"o9";"11";300;210;8
252;"o9";"15";300;150;9
252;"o9";"10";270;300;10
252;"o6";"14";244;289;11
252;"o4";"9";244;244;12
252;"o5";"13";225;225;13
252;"o5";"6";278;203;14
254;"o9";"15";300;150;0
254;"o9";"3";256;256;1
254;"o9";"2";300;150;2
254;"o1";"6";300;150;3
254;"o1";"9";300;210;4
254;"o1";"14";300;270;5
254;"o9";"11";300;210;6
254;"o9";"4";256;44;7
254;"o1";"10";300;210;8
254;"o9";"8";300;270;9
254;"o9";"12";300;270;10
254;"o9";"13";300;150;11
254;"o1";"5";300;150;12
254;"o1";"7";300;150;13
254;"o1";"1";256;256;14
255;"o1";"1";256;256;0
255;"o1";"5";300;150;1
255;"o9";"4";256;44;2
255;"o9";"13";300;150;3
255;"o1";"6";300;150;4
255;"o1";"7";300;150;5
255;"o9";"2";300;150;6
255;"o1";"9";300;210;7
255;"o9";"3";256;256;8
255;"o9";"15";300;150;9
255;"o9";"12";300;270;10
255;"o9";"8";300;270;11
255;"o9";"11";300;210;12
255;"o1";"10";300;210;13
255;"o1";"14";300;270;14
256;"o5";"8";285;285;0
256;"o3";"14";278;278;1
256;"o5";"13";225;225;2
256;"o3";"15";278;262;3
256;"o3";"5";262;188;4
256;"o9";"6";256;256;5
256;"o6";"7";244;244;6
256;"o5";"4";203;172;7
256;"o7";"10";278;278;8
256;"o9";"3";256;256;9
256;"o5";"11";255;255;10
256;"o9";"2";300;150;11
256;"o8";"12";281;274;12
256;"o4";"9";244;244;13
256;"o1";"1";256;256;14
257;"o4";"5";244;206;0
257;"o3";"10";292;233;1
257;"o5";"6";278;203;2
257;"o7";"11";278;233;3
257;"o4";"7";266;206;4
257;"o2";"9";281;221;5
257;"o6";"15";289;206;6
257;"o2";"14";289;274;7
257;"o8";"2";295;137;8
257;"o6";"13";244;206;9
257;"o3";"1";256;203;10
257;"o6";"4";216;140;11
257;"o8";"12";281;274;12
257;"o6";"8";289;281;13
257;"o7";"3";230;267;14
258;"o9";"2";300;150;0
258;"o8";"12";281;274;1
258;"o7";"10";278;278;2
258;"o4";"4";190;204;3
258;"o3";"14";278;278;4
258;"o5";"5";225;225;5
258;"o5";"11";255;255;6
258;"o6";"7";244;244;7
258;"o3";"15";278;262;8
258;"o5";"13";225;225;9
258;"o4";"9";244;244;10
258;"o9";"3";256;256;11
258;"o1";"1";256;256;12
258;"o5";"8";285;285;13
258;"o9";"6";256;256;14
259;"o9";"6";256;256;0
259;"o4";"4";190;204;1
259;"o2";"15";274;281;2
259;"o9";"2";300;150;3
259;"o7";"10";278;278;4
259;"o5";"8";285;285;5
259;"o6";"7";244;244;6
259;"o5";"13";225;225;7
259;"o3";"14";278;278;8
259;"o9";"3";256;256;9
259;"o1";"1";256;256;10
259;"o8";"12";281;274;11
259;"o4";"9";244;244;12
259;"o5";"11";255;255;13
259;"o5";"5";225;225;14
260;"o5";"13";225;225;0
260;"o9";"8";300;270;1
260;"o9";"11";300;210;2
260;"o5";"4";203;172;3
260;"o1";"14";300;270;4
260;"o9";"12";300;270;5
260;"o9";"2";300;150;6
260;"o1";"9";300;210;7
260;"o1";"1";256;256;8
260;"o1";"6";300;150;9
260;"o3";"15";278;262;10
260;"o6";"10";281;266;11
260;"o5";"5";225;225;12
260;"o4";"7";266;206;13
260;"o9";"3";256;256;14
261;"o1";"6";300;150;0
261;"o9";"4";256;44;1
261;"o1";"5";300;150;2
261;"o9";"13";300;150;3
261;"o1";"1";256;256;4
261;"o1";"10";300;210;5
261;"o9";"3";256;256;6
261;"o9";"12";300;270;7
261;"o1";"7";300;150;8
261;"o9";"8";300;270;9
261;"o9";"15";300;150;10
261;"o9";"2";300;150;11
261;"o1";"9";300;210;12
261;"o1";"14";300;270;13
261;"o9";"11";300;210;14
262;"o1";"7";300;150;0
262;"o9";"11";300;210;1
262;"o9";"15";300;150;2
262;"o1";"9";300;210;3
262;"o9";"3";256;256;4
262;"o9";"8";300;270;5
262;"o1";"1";256;256;6
262;"o1";"5";300;150;7
262;"o5";"10";285;255;8
262;"o9";"12";300;270;9
262;"o8";"4";243;76;10
262;"o1";"14";300;270;11
262;"o3";"6";289;177;12
262;"o9";"2";300;150;13
262;"o9";"13";300;150;14
263;"o1";"1";256;256;0
263;"o9";"3";256;256;1
263;"o9";"4";256;44;2
263;"o1";"10";300;210;3
263;"o1";"5";300;150;4
263;"o9";"8";300;270;5
263;"o1";"9";300;210;6
263;"o9";"11";300;210;7
263;"o9";"13";300;150;8
263;"o1";"6";300;150;9
263;"o1";"7";300;150;10
263;"o9";"2";300;150;11
263;"o1";"14";300;270;12
263;"o9";"12";300;270;13
263;"o9";"15";300;150;14
264;"o9";"2";300;150;0
264;"o1";"5";300;150;1
264;"o1";"10";300;210;2
264;"o8";"4";243;76;3
264;"o9";"11";300;210;4
264;"o1";"9";300;210;5
264;"o1";"6";300;150;6
264;"o9";"8";300;270;7
264;"o1";"14";300;270;8
264;"o1";"1";256;256;9
264;"o1";"7";300;150;10
264;"o9";"13";300;150;11
264;"o9";"12";300;270;12
264;"o9";"15";300;150;13
264;"o9";"3";256;256;14
265;"o9";"11";300;210;0
265;"o1";"15";270;300;1
265;"o9";"4";256;44;2
265;"o9";"6";256;256;3
265;"o9";"13";300;150;4
265;"o7";"10";278;278;5
265;"o1";"7";300;150;6
265;"o1";"1";256;256;7
265;"o1";"14";300;270;8
265;"o1";"5";300;150;9
265;"o9";"2";300;150;10
265;"o9";"8";300;270;11
265;"o9";"12";300;270;12
265;"o9";"3";256;256;13
265;"o1";"9";300;210;14
266;"o9";"12";300;270;0
266;"o3";"14";278;278;1
266;"o1";"1";256;256;2
266;"o9";"2";300;150;3
266;"o9";"3";256;256;4
266;"o1";"15";270;300;5
266;"o1";"8";270;300;6
266;"o5";"13";225;225;7
266;"o9";"6";256;256;8
266;"o5";"5";225;225;9
266;"o6";"7";244;244;10
266;"o5";"11";255;255;11
266;"o7";"10";278;278;12
266;"o4";"9";244;244;13
267;"o5";"5";225;225;0
267;"o9";"10";270;300;1
267;"o9";"12";300;270;2
267;"o6";"7";244;244;3
267;"o5";"11";255;255;4
267;"o4";"9";244;244;5
267;"o2";"15";274;281;6
267;"o5";"13";225;225;7
267;"o5";"4";203;172;8
267;"o3";"14";278;278;9
267;"o3";"8";278;292;10
267;"o9";"2";300;150;11
267;"o9";"3";256;256;12
267;"o9";"6";256;256;13
267;"o1";"1";256;256;14
268;"o4";"4";190;204;0
268;"o1";"1";256;256;1
268;"o7";"10";278;278;2
268;"o3";"14";278;278;3
268;"o5";"13";225;225;4
268;"o8";"12";281;274;5
268;"o5";"5";225;225;6
268;"o9";"3";256;256;7
268;"o5";"8";285;285;8
268;"o5";"11";255;255;9
268;"o6";"7";244;244;10
268;"o2";"15";274;281;11
268;"o4";"9";244;244;12
268;"o9";"6";256;256;13
268;"o9";"2";300;150;14
269;"o5";"12";225;285;0
269;"o5";"7";255;225;1
269;"o5";"11";255;255;2
269;"o5";"5";225;225;3
269;"o5";"8";285;285;4
269;"o9";"3";256;256;5
269;"o5";"13";225;225;6
269;"o7";"10";278;278;7
269;"o1";"1";256;256;8
269;"o9";"6";256;256;9
269;"o9";"2";300;150;10
269;"o1";"15";270;300;11
269;"o3";"14";278;278;12
269;"o4";"4";190;204;13
269;"o4";"9";244;244;14
270;"o6";"8";289;281;0
270;"o5";"9";225;255;1
270;"o9";"12";300;270;2
270;"o6";"2";284;110;3
270;"o7";"3";230;267;4
270;"o6";"10";281;266;5
270;"o3";"14";278;278;6
270;"o9";"7";210;300;7
270;"o5";"5";225;225;8
270;"o6";"11";266;244;9
270;"o5";"13";225;225;10
270;"o9";"6";256;256;11
270;"o1";"1";256;256;12
270;"o4";"4";190;204;13
270;"o2";"15";274;281;14
271;"o9";"11";300;210;0
271;"o9";"12";300;270;1
271;"o9";"2";300;150;2
271;"o9";"13";300;150;3
271;"o1";"9";300;210;4
271;"o8";"15";296;169;5
271;"o2";"7";289;169;6
271;"o9";"8";300;270;7
271;"o1";"1";256;256;8
271;"o1";"10";300;210;9
271;"o2";"6";295;163;10
271;"o4";"3";190;284;11
271;"o9";"4";256;44;12
271;"o1";"14";300;270;13
271;"o1";"5";300;150;14
272;"o1";"9";300;210;0
272;"o1";"1";256;256;1
272;"o9";"11";300;210;2
272;"o1";"7";300;150;3
272;"o1";"6";300;150;4
272;"o9";"4";256;44;5
272;"o9";"8";300;270;6
272;"o1";"14";300;270;7
272;"o9";"12";300;270;8
272;"o9";"15";300;150;9
272;"o9";"13";300;150;10
272;"o1";"10";300;210;11
272;"o9";"2";300;150;12
272;"o1";"5";300;150;13
272;"o9";"3";256;256;14
273;"o1";"9";300;210;0
273;"o1";"6";300;150;1
273;"o9";"12";300;270;2
273;"o1";"14";300;270;3
273;"o1";"7";300;150;4
273;"o1";"10";300;210;5
273;"o9";"13";300;150;6
273;"o9";"2";300;150;7
273;"o1";"5";300;150;8
273;"o9";"4";256;44;9
273;"o9";"11";300;210;10
273;"o9";"8";300;270;11
273;"o9";"3";256;256;12
273;"o9";"15";300;150;13
273;"o1";"1";256;256;14
